"s10"	"s11"	"s1"	"s12"	"s13"	"s14"	"s15"	"s16"	"s17"	"s18"	"s19"	"s20"	"s21"	"s2"	"s22"	"s23"	"s24"	"s25"	"s26"	"s27"	"s28"	"s29"	"s30"	"s3"	"s32"	"s34"	"s35"	"s36"	"s37"	"s38"	"s39"	"s40"	"s41"	"s4"	"s5"	"s6"	"s7"	"s9"	"ss11"	"ss1"	"ss12"	"ss13"	"ss14"	"ss15"	"ss16"	"ss18"	"ss19"	"ss21"	"ss2"	"ss23"	"ss24"	"ss25"	"ss26"	"ss27"	"ss28"	"ss29"	"ss30"	"ss3"	"ss4"	"ss5"	"ss7"	"ss8"	"ss9"
"AaculeatusATCC16872"	0	0	0	0	0.00293027412714459	0	0	0.000152727017256626	0	0	5.920691157803e-05	0	0.134109823085261	0	0.00974279033515199	0.00180594734579919	0	0.00953016296578671	0	0	0	0.223413762287757	0.00139338924151689	0	0	0	0	0	0.00163137459623479	0	0	0.0329200043893339	0	0.000156358962652098	0	0	0	0	0	0.068936991589687	0	0	9.15057918590957e-05	0	0	0	0.859356088114258	0	0.922509225092251	0	0.0171467764060357	0	0	0.0519561490102354	0.0278762295408387	0	0	0	0	0	0	0.0540832882639265	0
"AclavatusNRRL1"	0	0	0	0	0	0	0	0	0	0	0	0	0	0	0	0	0	0	0	0	0	0	4.15937087019966e-05	0	0	0	0	0	0	0	0	0	0	0	0	0	0	0	0	0	0	0	0	0	0	0	0	0	0	0	0	0	0	0	0	0	0	0	0	0	0	0	0
"AfischeriNRRL181"	0	0	0	0	0	0	0	0	0	0	0	0	0.00734848345672662	0	0	0	0	0	0.0370202297642647	0	0	0	4.15937087019966e-05	0	0	0	0	0	0	0	0	0	0	0	0	0	0	0	0.0151906425641805	0	0	0	0	0.00905387052965143	0	0	0.0968288549987896	0.0207965061869606	4.15967796041597	0	0	0.0505305709954523	0	0	0	0	0	0	0	0	0	0.0540832882639265	0
"AflavusNRRL3357"	0	0	0	0	0	0	0	0	0	0	3.94712743853533e-05	0	0.00183712086418165	0	0	0	0	0	0	0	0	0	0	0	0	0	0	0	0	0	0	0	0	0	0.0138146988395653	0	0	0	0	0	0	0	0	0	0.00825491167244511	0.000329400293825062	0	0.124779037121764	0	0	0	0	0	0	0	0	0.115154306771073	0	0	0	0.864100549882168	0	0
"AfumigatusA1163"	0.000666712595756597	0	6.8616830171424e-05	0	0	0	0.000871034614915597	0.000152727017256626	0.257357519405587	0.000522466901721776	0	0	0.00551136259254496	7.09778620048407e-05	0.455475448168355	0	0	0.00635344197719114	0.169576536339535	0	0	0	4.15937087019966e-05	0	0	0	0	0.436530729465824	0.00163137459623479	0	0	0	0.0722428338782157	0	0	0.332307261788163	0.0364511190493548	0.282087447108604	0.0759532128209023	0	0.000102815790346266	0.0111142670140904	0	0.00905387052965143	0	0	0	0.228761568056566	0	0.299246723764317	0	0	0	0	0	0	0	0	0	0	0.706991358994501	0	0
"AfumigatusAf293"	0	0	0.000260743954651411	0	0	0	0	0	0.303017724461417	0.000467470385751063	0	0	0.00367424172836331	7.09778620048407e-05	0.345869056897896	0	0	0	0.151663521937472	0	0	0.178731009830206	4.15937087019966e-05	0	0	0	0	0.0344629523262493	0	0	0	0	0.0697939242552254	0.000156358962652098	0	0.269343780607248	0.0218706714296129	0	0.106334497949263	0	5.14078951731328e-05	0.00123491855712116	0	0	0	0	0	0.519912654674015	0.0335457900033546	0.257971313589929	0	0.0252652854977261	0	0	0	0	0	0	0	0	0.981932443047918	0	0
"AglaucusCBS516.65"	0	0	0	0.635930047694754	0.000244189510595383	0.00141533801810217	0.000871034614915597	0.00274908631061926	0	0	0	0.00012078009447419	0.00918560432090827	0	0.002435697583788	0	0	0.225547190190286	0.00238840192027514	0	0	0.31277926720286	0.000883866309917427	0	0	0	0	0.0344629523262493	0.00163137459623479	0	0	0	0	0.000156358962652098	0.0460489961318843	1.10186092066601	0	0.141043723554302	0	2.82641665517717	0	0	0	0	0	0.000658800587650124	1.18615347373517	0.0623895185608818	1.1070110701107	0	0	0	0	0	0.0039823185058341	0	0	0	0.108695652173913	0	0.667714061272584	0.324499729583559	0
"AkawachiiIFO4308"	0	0	0	0	0	0	0	0	0	0	0	0	0	0	0	0	0	0	0	0	0	0	0	0	0	0	0	0	0	0	0	0	0	0	0	0	0	0	0.0455719276925414	0	0	0	0	0	0	0	0	0	0	0	0.351508916323731	0	0	0	0	0	0	0	0	0	0	0	0
"AluchuensisCBS106.47"	0	0	0	0	0	0	0	0	0	0	0	0	0	0	0	0	0	0	0	0	0	0	1.03984271754991e-05	0	0	0	0	0	0	0	0	0	0	0	0	0	0	0	0	0	0	0	0	0	0	0	0	0	0	0	0.265775034293553	0	0	0	0	0	0	0	0	0	0	0	0
"AmnigerUAMH3544"	0	0	1.37233660342848e-05	0	0	0	0	0	0.381885351376033	0	0	0	0	0	0	0.000361189469159837	0	0	0.00358260288041272	7.46921376815112e-05	0	0	1.03984271754991e-05	0	0	0	0	0	0.00652549838493915	0.00834353098231171	0	0	0	0.0104760504976906	0	0	0	0	0	0.0137873983179374	0	0.00493967422848463	0	0	0.0660392933795608	0	0.0847252481239409	0	0.0335457900033546	0.0825508203487772	0	0	0	0.148075024679171	0	0.0429861011606247	0	0	0.434782608695652	0	0.353495679497251	0.973499188750676	0
"AmutatusUAMH3576"	0	0	1.37233660342848e-05	0	0	0	0.000871034614915597	0	0	2.74982579853566e-05	0	0	0	0	0	0	0	0	0	7.46921376815112e-05	0	0	0	0	0	0	0	0	0.00652549838493915	0	0	0	0	0.00422169199160665	0	0	0	0	0	0	0	0	0	0	0	0	0	0	0	0	0	0.151591712986357	0	0	0	0.0143287003868749	0	0	0	0	0.274941084053417	0	0
"AnidulansFGSCA4"	0	0	0	0	0	0	0.218629688343815	0	0	0	0	0	0	0	0	0	0	0	0	0	0	0	0	0	0	0	0	0	0	0	0	0	0.00122445481149518	0	0	0	0	0	0	0	0	0	0	0	0	0	0	0	0	0	0	0	0	0	0	0	0	0	0	0	0	0	0
"AnigerATCC1015"	0	0	0	0	0	0	0	0	0	0	0	0	0	0	0	0	0	0	0	0.000149384275363022	0	0	0	0	0	0	0	0	0.164768834219714	0	0	0	0	0	0	0	0	0	0	0.358472356266373	0	0	0	0	0	0	0	0	0	0	0	0	0	0	0	0	0	0	0	0	0.314218381775334	0	0
"AnigerATCC13496"	0	0	0	0	0	0	0	0	0	0	0	0	0	0	0	0	0	0	0	0.000149384275363022	0	0	0	0	0	0	0	0	0.127247218506313	0	0	0	0	0	0	0	0	0	0	0.248173169722873	0	0	0	0	0	0	0	0	0	0	0	0	0	0	0	0	0	0	0	0	0.628436763550668	0	0
"AnigerCBS513-88"	0	0	0	0	0	0	0	0	0	0	0	0	0	0	0	0	0	0	0	0	0	0	0	0	0	0	0	0	0.127247218506313	0	0	0	0	0	0	0	0	0	0	0.275747966358748	0	0	0	0	0	0	0	0	0	0	0	0	0	0	0	0	0	0	0	0	0.706991358994501	0	0
"AnigerN402ATCC64974"	0	0	0	0	0	0	0	0	0	0	0	3.01950236185475e-05	0	0	0	0	0	0	0	0	0	0	0	0	0	0	0	0	0.117458970928905	0	0	0	0	0	0	0	0	0	0	0.234385771404936	0	0	0	0	0	0	0	0	0	0	0	0	0	0	0	0	0	0	0	0	0.2356637863315	0	0
"AnovofumigatusIBT16806"	0	0	0	0	0.000488379021190766	0	0	0	0	0	0	0	0	0	0	0	0	0	0	0	0	0	4.15937087019966e-05	0	0	0	0	0	0	0	0	0	0	0	0	0	0	0	0	0	0	0	0	0	0	0	0	0	0	0	0	0	0	0	0	0	0	0	0	0	0	0	0
"AoryzaeRIB40"	0	0	0	0	0	0	0	0	0	0	5.920691157803e-05	0	0	0	0	0	0	0	0	0	0	0	0	0	0	0	0	0	0	0	0	0	0.00122445481149518	0	0	0	0	0	0	0	0	0	0	0	0	0.000658800587650124	0	0.176770302589165	0	0	0	0	0	0	0.0039823185058341	0	0.0921234454168586	0	0	0	0	0.0540832882639265	0
"AsydowiiCBS593.65"	0.0217792781280488	1.97404496435752	0.000905742158262798	5.88235294117647	0.0393145112058566	0	0.522620768949358	0.0128290694495566	0.398489062305425	0.00016498954791214	0	0.00012078009447419	1.63871181085004	0.000141955724009681	1.04734996102884	0.0028895157532787	0.000570025863628049	0.270021284030624	0.613819293510712	0.00112038206522267	0	1.60857908847185	0.00226685712425881	0.00244092950595587	0.0219235374470884	0.0457807103971974	0	3.19356691556577	0.332800417631897	0.0027811769941039	3.32293005324032	0.373093383079118	0.759161983127013	0.00375261510365036	0.207220482593479	3.51895900377781	0.102063133338193	3.38504936530324	0	1.13056666207087	0	0.0209936154710597	0	0	0	0.000603900538679281	0.0484144274993948	0.135177290215244	0.0670915800067092	0	0.0257201646090535	3.05709954522486	0	0.077934223515353	0.0637170960933456	0.0143287003868749	0.0230308613542146	0.0361551572749341	0.760869565217391	0	4.79183032207384	0.594916170903191	2.79864763335838
"AtubingensisCBS134.48"	0	0	2.74467320685696e-05	0	0	0	0	0	0	0	0	0	0	0	0	0	0	0	0	0	0	0	0	0	0	0	0	0	0.123984469313844	0	0	0	0.358765259768088	0	0	0	0	0	0.410147349232872	0	0	0	0	0	0	0	0	0	0	0	0	0	0	0	0	0	0	0	0	0	1.06048703849175	0	0
"AversicolorCBS583.65"	0	0.0182781941144215	0	0	0	0	0	0	0.00830185546469636	0	0	0	0.00367424172836331	0	0	0	0	0	0.00119420096013757	0	0	0	5.19921358774957e-05	0	0	0	0	0.0344629523262493	0.0375216157134001	0	0	0	0	0	0	0.0034979711767175	0	0.141043723554302	0	0	0	0	0	0	0	0	0.0121036068748487	0	0	0	0	0	0	0.179248714085312	0.0238939110350046	0	0	0	0.108695652173913	0	0.392772977219167	0	0
"BceratinophilaUAMH5669"	0	0	0	0	0	0	0	0	0	8.24947739560699e-05	0	0	0	0	0	0	0	0	0	0	0	0	1.03984271754991e-05	0	0	0	0	0	0.00652549838493915	0	0	0	0	0.00250174340243357	0	0	0	0	0	0	0	0	0	0	0.0330196466897804	0	0	0	0	0	0	0.0505305709954523	0	0	0	0.0143287003868749	0	0	0	0	0.392772977219167	0	0
"BcinereaB05-10"	0	0	0	0	0	0	0	0	0.568677099331701	0	0	0	0	0	0	0	0	0	0	0	0	0	2.07968543509983e-05	0	0	0	0	0.0114876507754164	0	0	0	0	0	0	0.085190642843986	0	0	1.97461212976023	0.0607625702567219	0.68936991589687	0	0.00987934845696926	0	0	0.833746078916956	5.49000489708437e-05	0	0.322345845897889	0	0.588174594985038	1.37174211248285	1.21273370389085	0	0.142879409778147	0.0119469555175023	0.0573148015474996	0	0	0	0	2.47446975648075	0.594916170903191	0
"CalbicansSC5314"	77.8718089468386	0	0.00137233660342848	0.158982511923688	63.5039241254353	3.11685738346461	0.0104524153789872	66.5573650313167	0.00415092773234818	69.8643565930098	64.8187597494048	69.1634227146292	0	65.8131578760585	0.494446609508963	0.00144475787663935	69.1395252306402	0.16518949140697	8.81081468389501	65.9084916744409	54.6850412591706	0	60.6853665741935	0.000813643168651956	0	0.00298569850416505	66.9604984243258	0.0114876507754164	0.00815687298117394	0	1.87259041674316	0.241413365521782	5.10475210912341	66.510881020211	0.0736783938110149	0	64.2487424363928	3.38504936530324	0.0607625702567219	0.248173169722873	64.8726253729321	65.905133556442	64.4159597081697	0.0362154821186057	0.0247647350173353	0.000933300832504343	0.0121036068748487	0.0727877716543621	0.0167728950016773	0.113507377979569	0.0257201646090535	0.0505305709954523	3.66666666666667	0.0077934223515353	55.832105451794	0.0143287003868749	0.0230308613542146	69.8620939001085	28.695652173913	64.998038375955	0.314218381775334	0.108166576527853	0.150262960180316
"CalbicansWO1"	21.8932859819232	0	0.000644998203611386	0.0794912559618442	33.5780112229499	1.62197736874509	0.000871034614915597	32.2774805540325	0.00830185546469636	30.1239841456044	35.1532945883304	30.799195846131	0	34.1839320315993	0.233826968043648	0.000361189469159837	30.7929526147864	0	3.33540328166424	34.0062099043268	27.8667649291514	0	34.4535350960955	0.00122046475297793	0	0.000995232834721683	33.0244574500094	0	0.00163137459623479	0	0.00917936478795667	0.241413365521782	4.48762688412984	32.7088877561551	0.00230244980659422	0.00699594235343501	33.0830356491944	0.846262341325811	0.0303812851283609	0.0413621949538122	35.1230306599257	33.1353347246749	35.5483530330052	0.0362154821186057	0.0247647350173353	0.000109800097941687	0.0121036068748487	0.0207965061869606	0.0670915800067092	0.0515942627179858	0	0.101061141990905	1	0.00259780745051177	31.3846521444785	0.0286574007737498	0	28.5832343370694	12.7173913043478	32.7633143360277	0.11783189316575	0	0.150262960180316
"Ccinereaokay7-130"	0	0	0	0	0	0	0	0	0	0	0	0	0	0	0	0	0	0	0	0	0	0	0	0	0	0	0	0	0	0	0.596658711217184	0	0	0	0	0	0	0	0	0	0	0	0	0	0	0	0	0	0	0	0	0	0	0	0	0	0	0	0	0	0	0	0
"CeuropaeaCBS101466"	0	0	0	0	0.000732568531786149	0	0	0	0.00415092773234818	0	0	0	0	0	0.00487139516757599	0	0.000414564264456763	0	0	0	0	0	0.00180932632853685	0	0	0	0	0	0	0	0	0	0	0	0	0.0314817405904575	0	0	0	0	0	0	0	0	0	0	0	0	0	0	0.00857338820301783	0	0	0	0	0	0	0.0206600898713909	0	0	0	0	0
"CglabrataCBS138"	0	0	0	1.11287758346582	0.0285701727396598	0.00113227041448174	5.2889221817675	0	25.7399028682911	0.000109993031941427	9.86781859633833e-05	0	0.18922344901071	0	1.61973889321902	0	0.00342015518176829	0.384383239620064	0.00119420096013757	0.0213619513769122	0	52.5022341376229	0.0084851165752073	0	0	0.0607092029180227	0.000395898043811209	0	0.133772716891253	0.027811769941039	31.990086286029	0.362120048282673	1.66158517919896	0	0.032234297292319	0	0	0	86.951238037369	0	0	0	0.0202227800008602	0.0181077410593029	0	0	0	0	0	0	1.0116598079561	0	0	84.6469579674755	0	0	0	0	0	0	0	0	0.826446280991736
"ChaemulonisB11899"	0	0	0.000178403758445703	0.0794912559618442	0	0	0	0	0	0	0	0	0	0	0	0	0	0	0	0	0	0	0	0	0	0	0	0	0	0	0	0	0	0	0	0	0	0	0	0	2.57039475865664e-05	0	0	0	0	0	0	0	0	0	0	0.909550277918141	0	0	0	0	0	0	0	0	0	0	0
"ClusitaniaeATCC42720"	0.000222237531918866	0	4.11700981028544e-05	0	0	0	0	0	0	0.000219986063882853	0.000197356371926767	0.00012078009447419	0	0	0.002435697583788	0	0	0	0.00477680384055029	0	0.000123033161127919	0	0.00012478112610599	0	0	0	8.48352951024019e-05	0	0	0	0	0	0	0	0	0	0	0	0	0	0.000257039475865664	0	0.000183011583718191	0	0	0.000329400293825062	0	0	0	0	0	0	0	0	0	0	0.0230308613542146	0	0	0.000374355733782161	0	0	0
"CneoformansH99"	0	0	0	0	0	0	0	0	0.36528164044664	0	0	0	0	0	0.002435697583788	0	0	0	0	0.000373460688407556	0	0	0.000561515067476954	0	0	0.00796186267777346	0	0	0	0	0	0	0.00122445481149518	0	0	0	0	0	0	0	0	0	0	0	0	0	0	0	0	0	0	0	0	0	0	0	0	0	0	0	0	0	0
"CneoformansKN99"	0	0	0	0	0	0	0	0	0.406790917770122	0	0	0	0	0	0.00487139516757599	0	0	0	0	0.000149384275363022	0	0	0.000561515067476954	0	0	0.00398093133888673	0	0	0	0	0	0	0.00122445481149518	0	0	0	0	0	0	0	0	0	0	0	0	0	0	0	0	0	0	0	0	0	0	0	0	0	0	0	0	0	0
"CparapsilosisCDC317"	0.00200013778726979	1.4439773350393	0.000288190686719981	0	0	95.0675470069139	0	0.000152727017256626	0.00830185546469636	0.00109993031941427	0.00284193175574544	0.0011474108975048	0.303124942589973	0.000141955724009681	2.24571317225253	0	5.18205330570953e-05	1.26751167444963	0.00119420096013757	7.46921376815112e-05	0	0.0893655049151028	0.00169494362960636	0.000813643168651956	5.56183280773058	89.5838931518029	0.000537290202315212	0	24.2177558811054	86.8561575258649	0	0.0219466695928893	0.00489781924598073	0.000625435850608393	0.0805857432307976	1.24877571008815	0	0	0.288622208719429	0.661795119260995	0.000154223685519398	0.00493967422848463	0.000274517375577287	0.968764146672702	0	0.000164700146912531	1.24667150810942	0	0.0335457900033546	0.0206377050871943	0.745884773662551	0.101061141990905	0	0.00259780745051177	0.159292740233364	0.0286574007737498	93.6204514048825	0	0.434782608695652	2.20547937000422	2.98507462686567	0.108166576527853	0.807663410969196
"CqueenslandicumCBS280.77"	0	0	1.37233660342848e-05	0	0	0	0.000871034614915597	0	0	0	0	0	0	0	0	0	0	0	0	7.46921376815112e-05	0	0	0	0	0	0	0	0.735209649626651	0.00652549838493915	0	0	0	0	0.0104760504976906	0	0.0034979711767175	0	0	0	0	0	0	0	0	0.0412745583622255	0	0	0	0	0.0515942627179858	0.462962962962963	0.0252652854977261	0	0	0	0.0143287003868749	0	0	0.434782608695652	0	0.471327572663001	0.540832882639264	0
"CtropicalisMYA3404"	0.00400027557453958	0	99.9665836037065	0.238473767885533	0.00317446363773998	0	0.0461648345905266	0.00167999718982288	0.759619775019717	0.00483969340542277	0.000868368036477773	0.00492178884982324	0.0973674058016277	0.000354889310024203	0.002435697583788	99.7919548657639	0.000829128528913526	0	0	0.00112038206522267	17.4433955183941	0	0.00131020182411289	99.9507745882966	0	0	0.00200776865075684	0	0	0	2.01028088856251	0	0.254686600790998	0.000781794813260491	0.0621661447780438	0	0	0	0.243050281026887	0	0.00131090132691489	0.00987934845696926	0.00155559846160463	0.0362154821186057	0.0165098233448902	99.9128736222833	0.0121036068748487	0	2.39852398523985	52.7190176452379	0	0	0	0.0155868447030706	0.0119469555175023	0.0143287003868749	0.0230308613542146	0.00516502246784773	0	0.0018717786689108	0	1.56841535965387	0
"EoligospermaCBS72588"	0	0	0	0	0.0297911202926367	0	0.000871034614915597	0.000152727017256626	1.20791997011332	5.49965159707133e-05	0	0	0.475814303823049	0	0.002435697583788	0	0.000932769595027716	0	0.00477680384055029	0	0	0.446827524575514	0.00328590298745773	0	0.00674570382987335	0	0	0.0114876507754164	0.00163137459623479	0	0	0.0329200043893339	0.0979563849196145	0.00140723066386888	0	0.731075975933958	0	0	0.0303812851283609	0.0413621949538122	0	0.00123491855712116	0	2.8881846989588	0	0.00153720137118362	1.77923021060276	0.519912654674015	0.0167728950016773	0.0103188525435972	0	0	0.666666666666667	0.140281602327635	0.143363466210027	0	0.0460617227084293	0	0	0	0.549882168106834	0	0
"FfujikuroiIMI58289"	0	0	0	0	0	0	0	0	0	0	0	3.01950236185475e-05	0	0	0	0	0	0.0508275358175291	0	0	0	0	0	0	0	0	0	0	0.0179451205585827	0	0	0	0	0	0	0	0	0.141043723554302	0	0.0275747966358748	2.57039475865664e-05	0	0	0.0271616115889543	0	0	0	0	1.35860449513586	0	0	0	0	0	0	0	0	0	0.108695652173913	0	0	0	0
"FgraminearumPH-1"	0	0	0	0	0	0	0	0	0	0	0	0	0.0734848345672662	0	0	0	0	0	0	0	0	0	0	0	0	0	0	0	0	0	0	0	0.00244890962299036	0	0	0	0	0	0	0	0	0	0	0	0	0.000658800587650124	0	0	0.0167728950016773	0.598493447528635	0.00857338820301783	0.0252652854977261	0.333333333333333	0	0	0	0	0	0	0	0	0	0.0187828700225394
"Foxysporum26406"	0	0	0	0	0	0	0	0	0	0	0	0	0.0624621093821763	0	0	0	0	0	0	0	0	0	0.000551116640301455	0	0	0	0	0	0	0	0	0	0	0	0	0	0	0.141043723554302	0	0	0	0	0	0	0	0	0.532558702493343	0.0103982530934803	0	0	0.300068587105624	0	0	0	0	0	0	0	0	0	0	0	0
"Foxysporum4287"	0	0	0	0	0	0	0	0	0	0	0	0	0.117575735307626	0	0	0	0	0	0	0	0	0	0.000415937087019966	0	0	0	0	0	0	0	0	0	0	0	0	0	0	0.141043723554302	0	0	0	0	0	0	0	0	0.568869523117889	0.0311947592804409	0	0	0.342935528120713	0	0	0	0	0	0	0	0	0	0	0	0
"Foxysporum54006"	0	0	0	0	0	0	0	0	0	0	0	0	0	0	0	0	0	0	0	0	0	0	0.00142458452304338	0	0	0	0	0	0	0	0	0	0	0	0.00230244980659422	0	0	0	0	0	0	0	0	0	0	0	0	0.0415930123739212	0	0	0.128600823045267	0	0	0	0	0	0	0	0	0	0	0	0
"FoxysporumFo47"	0	0	0	0	0	0	0	0	0	2.74982579853566e-05	0	0	0	0	0	0	0	0	0.00119420096013757	0	0	0	0.000280757533738477	0	0	0	0	0	0.0587294854644523	0	0	0	0	0	0	0	0	0.141043723554302	0	0	0	0	0	0	0	0	0.0121036068748487	0.0103982530934803	0	0	0.360082304526749	0	1.33333333333333	0	0	0.0143287003868749	0	0	0	0	0	0	0.0187828700225394
"FoxysporumFOSC3a"	0.00444475063837731	0	0	0	0	0.000283067603620435	0	0	0	0.000137491289926783	0	0	0.180037844689802	0	0	0	0	0	0	0	0	0	0.0012582096882354	0	0	0	0	0	0	0.0111247079764156	0	0	0	0	0	0.829019168882048	0.0510315666690967	0	0	0.0413621949538122	0	0	0.000183011583718191	0	0.0908040283968961	0	4.39360929557008	0.270354580430488	0	0.350840986482303	0	0	0.333333333333333	0	0.0039823185058341	0.0143287003868749	0	0	0	0	0	0	0
"Foxysporumrace1"	0	0	0	0	0	0	0	0	0	0	0	0	0	0	0	0	0	0	0	0	0	0	0.00132060025128839	0	0	0	0	0	0	0	0	0	0	0	0	0	0	0	0	0	0	0	0	0	0	0	0	0.0415930123739212	0	0	0.0257201646090535	0	0	0	0	0	0	0	0	0	0	0	0
"Foxysporumrace4"	0	0	0	0	0	0	0	0	0	0	0	0	0	0	0	0	0	0	0	0	0	0	0.0011958191251824	0	0	0	0	0	0	0	0	0	0.00122445481149518	0	0.00230244980659422	0	0	0	0	0	0	0	0	0	0	0	0	0.0103982530934803	0	0	0.162894375857339	0	0	0	0	0	0	0	0	0	0	0	0
"FproliferatumET1"	0	0	0	0	0	0	0	0.000152727017256626	0	0	0	0	0	0	0	0	0	0.00953016296578671	0	0	0	0	0	0	0	0	0	0	0.0473098632908088	0	0.05507618872774	0	0	0	0	0	0	0	0.0151906425641805	0	0	0	0	0.778632865550023	0	0	0	0	0	0	0	0	0	0.00259780745051177	0	0	0	0	0	0	0	0.0540832882639265	0
"FproliferatumNRRL62905"	0	0	0	0	0	0	0	0	0	0	0	0	0	0	0	0	0.000103641066114191	0.0349439308745513	0	0	0	0	0	0	0	0	0	0	0.125615843910079	0	0	0	0	0	0	0	0	0	0.0303812851283609	0.0137873983179374	0	0	0	0.624717066545948	0	0	0	0	0.0167728950016773	0	0	0	0	0	0.0039823185058341	0	0	0	0	0	0	0.0540832882639265	0
"Fverticillioides7600"	0.0071116010214037	2.74172911716322	0.000452871079131399	8.34658187599364	0.118431912638761	0.00127380421629196	0.469487657439507	0	6.92374745755676	8.24947739560699e-05	5.920691157803e-05	0.000905850708556424	0.631969577278489	0	2.5574824629774	0.00144475787663935	0.00139915439254157	0.101655071635058	1.73397979411975	0.00216607199276383	0	0.670241286863271	0.0161279605491992	0.00162728633730391	0.0354149451068351	0.037818847719424	0.000113113726803202	0.712234348075818	0.292016052726027	0.00556235398820781	0.0183587295759133	0.427960057061341	0.00122445481149518	0.0348680486714179	0.0897955424571744	1.0598852665454	0.0801924619085806	13.3991537376587	0.881057268722467	8.13456500758307	0.000154223685519398	0.0963236474554503	0.00100656371045005	0.00905387052965143	0.38798084860492	0.00186660166500869	4.13943355119826	0.925444525319746	11.3887957061389	3.06469920544835	9.70507544581619	2.75391611925215	9.33333333333333	0	0.50575445024093	0.0143287003868749	0.0690925840626439	0.11363049429265	0	0.000149742293512864	4.35978004713276	8.5992428339643	0
"HarabidopsidisEmoy2"	0	0	0	0	0.000244189510595383	0	0.0757800114976569	0	0	0	0	0	0	0	0	0	0	0	0	0	0	0	0	0	0	0	0	0	0	0	0	0	0	0	0	0	0	0	0	0	0	0	0	0	0	0.00164700146912531	0	0	0	0	0	0	3.33333333333333	0	0	0	0	0	0	0	0	0	0
"HcapsulatumNAm1"	0	0	0	0	0	0	0	0	0	2.74982579853566e-05	0	0	0.00551136259254496	0	0	0	0	0	0	0	0	0	0	0	0	0	0	0	0	0	0	0	0	0	0	0	0	0	0	0	0	0	0	0	0	0	0	0	0	0	0	0	0	0	0	0	0	0	0	0	0	0	0
"KheveanensisCBS569"	0	0	0	0	0	0	0	0	0	0	0	0	0	0	0	0	0	0	0	0	0	0	0	0	0	0	0	0	0	0	0	0	0	0	0	0	0	0	0	0	0	0	0	3.00588501584427	0	0	0	0	0	0	0	0	0	0	0	0	0	0	0	0	0	0	0
"Mcircinelloides1006PhL"	0	0	0	0	0	0	0	0	0	0	0	0	0.00183712086418165	0	0	0	0	0	0	0	0	0	0	0	0	0	0	0	0	0	0	0	0	0	0	0	0	0	0	0	0	0	0	0	0	0	0	0	0	0	0	0	0	0	0	0	0	0	0	0	0	0	5.61607813673929
"McircinelloidesCBS277-49"	0	0	0	0	0	0	0	0	0	0	0	0	0	0	0	0	0	0	0	0	0	0	0	0	0	0	0	0	0	0	0	0	0	0	0	0	0	0	0	0	0	0	0	0	0	0	0	0	0	0	0	0	0	0	0.0557524590816774	0	0	0	0	0	0	0	1.46506386175808
"MglobosaCBS7966"	0.011556351659781	7.18333028696765	0.00631274837577101	9.22098569157393	0.111106227320899	0.000707669009051087	78.5368360538648	0.0925525724575152	8.43053422439915	0	9.86781859633833e-05	0.0012078009447419	8.78327485165249	0.000425867172029044	21.2758183943882	0.0173370945196722	0.00212464185534091	1.2929254423584	3.23389620005254	0.00537783391306881	0.000615165805639594	2.77033065236819	0.0285020888880431	0.00854325327084554	0.0910670017032902	0.101513749141612	0.000254505885307206	2.5157955198162	0.941303142027472	0.141840026699299	3.28621259408849	0.241413365521782	0.636716501977495	0.147915578668885	2.3484988027261	18.0845109836295	0.0437413428592258	14.3864598025388	0.865866626158287	6.65931338756377	7.71118427596992e-05	0.0691554391987848	0.00100656371045005	9.58804889090086	50.2063727918111	0.0145485129772736	11.5831517792302	86.815015077467	10.1979201610198	1.69229181714993	5.65843621399177	3.25922182920667	6	0.379279887774718	1.04336744852853	6.31895687061184	0.621833256563796	0.0929704044212592	1.08695652173913	0.000224613440269297	10.8798114689709	9.57274202271498	2.29151014274981
"Moryzae70-15"	0	0	0	0	0	0	0	0	0.124527831970445	0	0	0	0	0	0	0	0	0	0	0	0	0	0	0	0	0	0	0	0	0	0	0	0	0	0	0	0	0	0	0	0	0	0	0	0	0	0	0	0	0	0	0	0	0	0	0	0	0	0	0	0	0	0
"MoryzaeBR32"	0	0	0	0	0	0	0	0	0.0954713378440081	0	0	0	0	0	0	0	0	0	0	0	0	0	0	0	0	0	0	0	0	0	0	0	0	0	0	0	0	0	0	0	0	0	0	0	0	0	0	0	0	0	0	0	0	0	0	0	0	0	0	0	0	0	0
"MrestrictaKCTC27527"	0.170011711917932	82.7453847559861	0.0212574939871072	71.2241653418124	2.45654647658955	0.0230700096950654	14.6055084229047	1.04419461698355	50.2801876219335	0.00225485715479924	0.00106572440840454	0.0280813719652491	84.8253816618595	0.00170346868811618	67.9827552611068	0.169397861035964	0.0533751490488082	95.2063280282093	79.3474885953808	0.0510894221741537	0.00332189535045381	40.0804289544236	4.7690618507807	0.0321389051617523	83.8288614938361	10.0578230276973	0.0116224354290291	67.4325100516944	71.9876668080525	6.72488597174324	53.1118046631173	96.6860528914737	86.3142685719183	0.548194523058256	96.3298950082888	69.6341122149153	2.2089378143909	58.6741889985896	8.44599726568434	62.1949538122156	0.00215913159727158	0.689084554873606	0.0085100386428959	69.9139882299683	47.0034670629024	0.0534177476486309	56.5238441055435	8.10023915982115	53.9248574303925	35.682592095759	68.8014403292181	83.4259727134917	66	10.8874110250948	9.14340328939508	68.6344748531308	4.37586365730078	1.2447704147513	53.5869565217391	0.0297238452623036	60.0942655145326	67.1714440237966	74.305033809166
"NalbidaJCM2334"	0	0	0	0	0	0	0	0.000763635086283128	0	0	0	0	0	0	0	0	0	0	0.00119420096013757	0.000224076413044534	0	0	0	0	0	0	0	0	0	0	0	0	0	0	0	0	0	0	0	0	0	0	0	0	0	0	0	0	0	0	0	0	0	0	0	0	0	0	0	0	0	0	0
"PjiroveciiSE8"	0	0	0.000123510294308563	0	0.000244189510595383	0	0	0	1.01282636669296	0	0	0	0.442746128267779	0	0	0	0	0	0	0	0	0	0	0	0	0	0	0	0.0717804822343306	0	0	0.0438933391857786	0	0	0	1.1193507765496	0	0	0	0.675582517578933	0	0	0	0	0	0	0	0	0	0	0	0	0	0	0	0.0859722023212495	0	0	0	7.48711467564322e-05	0	0	0.901577761081893
"PrubensWisconsin54-1255"	0.00266685038302639	1.68159385852678	0.000137233660342848	1.11287758346582	0.000976758042381532	0	0	0	0.00415092773234818	0.000384975611794993	0	0.000392535307041117	0.468465820366322	0	0	0	0.000880949061970621	0	0.00358260288041272	0.000448152826089067	0	0	0.00395140232668967	0.00162728633730391	0	0.0119427940166602	0	23.090178058587	0.913569773891481	0	0.00917936478795667	0.844946779326237	0.00244890962299036	0.00375261510365036	0.0920979922637686	0.857002938295788	0.0583217904789677	0.282087447108604	0.592435060003038	1.70963739142424	0	0.00493967422848463	0	3.07831598008148	0	0.000549000489708437	10.1549261679981	0	3.50553505535055	0.588174594985038	0.0771604938271605	0.0252652854977261	0.666666666666667	0	0.183186651268368	1.67645794526436	0	0	0.217391304347826	0.000449226880538593	0.0392772977219167	0	2.94891059353869
"RdelemarRA99-880"	0	0	0	0	0	0	0	0	0	0	0	0	0	0	0	0	0	0	0	0	0	0	1.03984271754991e-05	0	0	0	0	0	0	0	0	0.0877866783715571	0.00122445481149518	0	0	0	0	0	0	0	0	0	0	0	0	0	0	0	0	0	0	0	0	0	0	0	0	0	0	0	0	0	0
"RirregularisA1DAOM664342"	0	0	0	0	0	0	0	0	0	0	0	0	0	0	0	0	0	0	0	0	0	0	0	0	0	0	0	0	0	0	0	0	0	0	0	0	0	0	0	0	0	0	0	0	0	0	0	0	0	0	0	0	0	0	0	0	0.0690925840626439	0	0	0	0	0	0
"ScerevisiaeS288c"	0.000888950127675462	0	0.000425424347062829	0	0	0.16262233827994	0	0	0	0.000824947739560699	0.0225380976740367	0	0	0	0.0681995323460639	0	0.000829128528913526	0	0.120614296973895	0.00059753710145209	0.000738198966767513	0	0.00470008908332561	0	10.3917567499199	0.0208998895291553	0	0	0.0619922346569219	6.19089998887529	0	0	0	0.000156358962652098	0.0874930926505802	0	0	0	0.197478353334346	0.0137873983179374	2.57039475865664e-05	0.0086444298998481	0	0	0	0.00203130181192122	0.0605180343742435	0	0.637370010063737	0.196058198328346	0.0600137174211248	0.859019706922688	0	0	0.0637170960933456	0.0143287003868749	0	0	0	7.48711467564322e-05	0	0.378583017847485	0.432006010518407
"Smacrosporak-hell"	0.00444475063837731	1.13324803509413	0.00039797761499426	1.51033386327504	0.108908521725541	0.00198147322534304	0.207306238349912	0.00106908912079638	2.13772778215931	0.000219986063882853	0	0.000181170141711285	0.573181709624676	0	0.29228371005456	0.00180594734579919	0.000984590128084811	0.352616029734108	0.126585301774583	0.000373460688407556	0	0.223413762287757	0.00777802352727336	0	0	0.00995232834721683	0	0.436530729465824	0.0570981108682176	0.027811769941039	0.57829998164127	0.14265335235378	0.159179125494374	0.00515984576751924	0.42595321421993	0.591157128865258	0.0364511190493548	0.141043723554302	0.0303812851283609	0.468771542809872	0	0.00123491855712116	0.000915057918590957	0.226346763241286	0.462275053656926	0.00285480254648387	1.8881626724764	0.603098679421857	4.02549480040255	2.24950985450418	0.703017832647462	0.303183425972713	0.666666666666667	0.262378552501689	0.33053243598423	17.638630176243	0.207277752187932	0.0309901348070864	0.326086956521739	7.48711467564322e-05	0.942655145326002	2.8664142779881	0.901577761081893
"Ssclerotiorum1980UF-70"	0	0	0	0	0	0	0	0	0	0	0	0	0	0	0	0	0	0	0	0	0	0	0	0	0	0	0	0	0	0	0	0	0	0	0	0	0	0	0	0	0	0	0	0	0	0	0	0	1.02314659510231	0	0	0	0	0	0	0.0429861011606247	0	0	0	0	0	0	0
"TmarneffeiATCC18224"	0	0	0	0	0	0	0.0104524153789872	0	0	0	0	0	0	0	0	0	0	0	0	0	0	0	0	0	0	0	0	0	0	0	0	0	0.00122445481149518	0	0.00230244980659422	0.0034979711767175	0	0	0	0	0	0	0	0	0	0	0	0	0	0	0	0	0	0	0	0	0	0	0	0	0	0	0
"YlipolyticaCLIB122"	0.00155566272343206	0.530067629318223	0.000219573856548557	0.317965023847377	0.00634892727547995	0.000707669009051087	0.00174206922983119	0.00427635648318552	0.290564941264373	2.74982579853566e-05	0	6.03900472370949e-05	0.497859754193228	0	0.664945440374123	0.00469546309907788	0.00129551332642738	0.349439308745513	1.13687931405097	7.46921376815112e-05	0	0.491510277033065	0.000946256872970422	0	0.0219235374470884	0.0288617522069288	0	0.493968983342906	0	0.0027811769941039	1.56967137874059	0.0658400087786678	0	0.00312717925304196	0.00460489961318843	0.276339722960683	0.0145804476197419	0.705218617771509	0.31900349384779	6.19054184475389	0	0.00987934845696926	0.00100656371045005	4.69895880488909	0.280666996863134	0.00208620186089206	2.06971677559913	0.249558074243527	2.44884267024488	0.546899184810649	5.75274348422497	1.71803941384538	3.66666666666667	1.82366083025926	0.517701405758433	2.82275397621436	0.483648088438508	0.00516502246784773	0.543478260869565	0.000149742293512864	2.16025137470542	2.97458085451595	3.23065364387678
"YlipolyticaCLIB89W29"	0.00355580051070185	0.548345823432645	0.000260743954651411	0.0794912559618442	0.0100117699344107	0.000424601405430652	0.000871034614915597	0.00427635648318552	0.278112158067328	8.24947739560699e-05	1.97356371926767e-05	6.03900472370949e-05	0.46662869950214	0	0.684431021044427	0.00650141044487707	0.000310923198342572	0.273198005019219	1.15718073037331	0.000224076413044534	0	0.402144772117962	0.000883866309917427	0	0.0404742229792401	0.0248808208680421	2.82784317008006e-05	0.815623205054566	0	0	1.56967137874059	0.153626687150225	0.00367336443448555	0.00234538443978147	0.0115122490329711	0.297327550020988	0.0145804476197419	1.69252468265162	0.303812851283609	7.03157314214808	0	0.0160539412425751	0.000732046334872766	4.04708012675419	0.520059435364042	0.00208620186089206	2.72331154684096	0.686284704169699	2.59979872525998	0.835827056031369	3.62654320987654	1.89489641232946	3	1.22876292409207	0.481860539205926	2.47886516692936	0.207277752187932	0.00516502246784773	0.434782608695652	0	2.23880597014925	3.35316387236344	3.13673929376409
