s10	s11	s12	s13	s14	s15	s16	s17	s18	s19	s1	s20	s21	s22	s23	s24	s25	s26	s27	s28	s29	s2	s30	s32	s34	s35	s36	s37	s38	s39	s3	s40	s41	s4	s5	s6	s7	s9	ss11	ss12	ss13	ss14	ss15	ss16	ss18	ss19	ss1	ss21	ss23	ss24	ss25	ss26	ss27	ss28	ss29	ss2	ss30	ss3	ss4	ss5	ss7	ss8	ss9
-hemolysin (VF0001)	0	0	0	5.4071661237785	0	0	0	0	0	0	0	0.984898227183191	0	0	0	0	0	0	0	0	0	0	0	0	0	0	0	0	0	0	0	0	0	0	0	0	0	0	0	0	0	0	0	0	0	0	0	0	0	0	0	0	0	0	0	0	0	1.31323683032383	0	0	0	0	0
-hemolysin (VF0007)	0	0	0	0	0	0	0	0	0	0	0	0.0393959290873276	0	0	0	0	0	0	0	0	0	0	0	0	0	0	0	0	0	0	0	0	0	0	0	0	0	0	0	0	0	0	0	0	0	0	0	0	0	0	0	0	0	0	0	0	0	0.253693478585286	0.316114109483423	0	0	0	0
-hemolysin (VF0011)	0	0	0	0	0	0	0	0	0	0	0	0.433355219960604	0	0	0	0	0	0	0	0	0	0	0	0	0	0	0	0	0	0	0	0	0	0	0	0	0	0	0	0	0	0	0	0	0	0	0	0	0	0	0	0	0	0	0	0	0	2.93985972242949	2.02390131071704	0	0	0	0
Ace (VF0355)	1.14693789223112	0	0	0	0	0	0	0	0	0	0	0	0	0	0	0.367232022632374	0	0	0	0	0	0	0	0	0	0	0	0	1.01218047692572	0	0	0	0	0	0	0	1.00208768267223	0	0	0	0	0	0	0	0	0	0	0	0	0	0	0	0	0	0	0	0	0	0	0	0	0	0
Acinetobactin (VF0467)	0	0	0	0	0	0	0	0	0	1.6260162601626	0	0	0	0	0	0	0	0	0	0	0	0	9.77503802737971	0	0	0	0	0	0	0	0	0	0	0	16.7569310122502	0	0	0	42.0718299535793	5.19480519480519	0	26.3157894736842	0	26.7110266159696	0	0	0	0	0	0	0	50.4596273291925	0	0	0	0	16.7194426852438	0	0	0	0	0	31.3804713804714
Acm (VF0419)	0	0	0	0	1.58227848101266	0	0	0	5.10948905109489	0	0	0	0	0	0	0.0272023720468425	0	0	0	0	0	0	0	0	0	0	1.83783783783784	0	0.24017841825356	0	0	0	0	18.7976291278577	0	0	0	0	0	0	0	3.15789473684211	0	0	0	0	0	0	0	0	0	0	0	0	0	0	0	0	0	1.51515151515152	0	0	0
AcrAB (VF0568)	0	0	0	0	0	0	0	0	0	0	0	0	0	0	0	0	0	0	1.46059782608696	0.950570342205323	0	0.112543482709229	0	0	0	0	0	0	0	0	0	0	0	0	0	0	0	0	0.34204739799658	0	0	0	0	0	0	0	0	0	0	0	0	0	0	0	0	0	0	0	0	0	0	0	0
AdeFGH efflux pump (VF0504)	0	0	0	0	0	0	0	0	0	0	0	0	0	0	0	0	0	0	0	0	0	0	1.03274357537427	0	0	0	0	0	0	0	0	0	0	0	0.548033526756931	0	0	0	0.879550451991205	0	1.02827763496144	0	0	0	0	0	0	0	0	0	0	0.22360248447205	0	0	0	0	2.84990500316656	0	0	0	0	0	0.740740740740741
AdsA (VF0422)	0	0	0	0	0	0	0	0	0	0	0	0.0656598818122127	0	0	0	0	0	0	0	0	0	0	0	0	0	0	0	0	0	0	0	0	0	0	0	0	0	0	0	0	0	0	0	0	0	0	0	0	0	0	0	0	0	0	0	0	0	0.582002686166244	0.177332305319969	0	0	0	0
Aerobactin (VF0123)	0	0	0	0	0.316455696202532	0	0	0	0	0	0	0	0	0	0	0	0	0	2.03804347826087	0.475285171102662	0	0	0	0	0	0	0	0	0	0	0	0	0	0	0	0	0	0	0	0	0	0	0	0	0	0	0.413223140495868	0	0	0	1.6	0	0	0	0	0	0	0	0	0	0	0	0
Aerobactin (VF0229)	0	0	0	0	4.90506329113924	0	0	5.18444666001994	0	0	0	0	0	0	0	0	0	0	7.7445652173913	3.61216730038023	0	0	0	0	0	0	0	0	0	0	0	0	0	0	0	0	0	0	0	0	0	0	0	0	0	0	0	0	0	0	0	0	0	0	0	0	0	0	0	0	0	0	0
Aerobactin (VF0565)	0	0	0	0	3.48101265822785	0	0	3.88833499501496	0	0	0	0	0	0	0	0	0	0	8.45788043478261	2.47148288973384	0	0.153468385512584	0	0	0	0	0	0	0	0	0	0	0	0	0	0	0	0	0.146591741998534	0	0	0	0	0	0	0	0	0	0	0	0	0	0	0	0	0	0	0	0	0	0	0	0
Agf (VF0103)	0	0	0	0	0	0	0	0	0	0	0	0	0	0	0	0	0.221238938053097	0	0	0.190114068441065	0	0	0	0	0	0	0	0	0	0	0	0	0	0	0	0	0	0	0	0	0	0	0	0.665399239543726	0	0	0	0	0	0	0	0	0	0	0	0	0	0	0	0	0	0	0
Alginate (VF0091)	0	0	0	0	0	0	0	0	0	0	0.522193211488251	0	0	0	0	0	0	0	0	0	0.5	0	0	0.093984962406015	0	0	0	0	0.0686224052153028	0	0	0	0	0.0846740050804403	0.00322372662798195	0	0	0	0	0	0	0	0	0	0	0	0	0	0	1.54015401540154	0	0	0	0	0	0	0	0	0	0	8.7248322147651	0	0
Alkaline protease (VF0090)	0	0	0	0	0	0	0	0	0	0	0	0	0	0	2.72727272727273	0	0	0	0	0	0	0	0	0	0	0	0	0	0	0	0	0	0	0	0	0	0	0	0	0	0	0	0	0	0	0	0	0	0	0	0	0	0	0	0	0	0	0	0	0	0	0	0
AS (VF0352)	10.9500108201688	0	0	0	0	0	0	0	5.83941605839416	0	0	0	0	0	0	13.1197040381921	0	0	0	0	0	0	0	0	0	0	0	0	17.2756905129525	0	0	0	0	0	0	0	0.176650072265939	0	0.0244319569997557	0	0	0	0	0	0	0	0	0	0	0	0	0	0	0	0	0	0	0	0	0	0	0	0
Ata (VF1333)	0	0	0	0	0	0	0	0	0	0	0	0	0	0	0	0	0	0	0	0	0	0	0	0	0	0	0	0	0	0	0	0	0	0	0.0354609929078014	0	0	0	0	0	0	0	0	0	0	0	0	0	0	0	0	0	0	0	0	0	0	0	0	0	0	0	0
Aureolysin (VF0024)	0	0	0	2.21498371335505	0	0	0	0	0	0	0	0	0	0	0	0	0	0	0	0	0	0	0	0	0	0	0	0	0	0	0	0	0	0	0	0	0	0	0	0	0	0	0	0	0	0	0	0	0	0	0	0	0	0	0	0	0	2.50708849425459	0.474171164225135	0	0	0	0
Autolysin (VF0143)	0	0	0	0	0	0	0	0	0	0	0	0	0	0	0	0	0	0	0	0	0	0	0	0	0	0	0	8.72378980067305	0	0	0	0	0	0	0	0	0	0	0	0	0	0	0	0	0	0	0	0	0	0	0	0	0	0	0	0	0	0	0	0	0	0	0
Bap (VF0462)	0	0	0	0	0	0	0	0	0	0	0	0	0	0	0	0	0	0	0	0	0	0	0	0	0	0	0	0	0	0	0	0	0	0	0.36428110896196	0	0	0	0.17102369899829	0	0	0	0	0	0	0	0	0	0	0	0	0.496894409937888	0	0	0	0	0.253324889170361	0	0	0	0	0	0
BopD (VF0362)	2.35879679723004	0	0	0	0	0	0	0	0	0	0	0	0	0	0	1.89736545026726	0	0	0	0	0	0	0	0	0	0	0	0	2.83067421513124	0	0	0	0	0	0	0	2.35747550987634	0	0.073295870999267	0	0	0	0	0	0	0	0	0	0	0	0.8	0	0	0	0	0	0	0	0	0	0	0	0
Bsa T3SS secreted effectors (VF0710)	0	0	0	0	0	0	0	0	0	0	0	0	2.98348428343101	0	0	0	0	0	0	0	4	0	0	0	0	0	0	0	0.0171556013038257	0	0	0	0	0	0	0	0	0	0	0	0	0	0	0	0	0	0	0	0	0	0	0	0	0	5.58464223385689	0	0	0	0	0	0	0	0
BvrR-BvrS (VF0368)	0	0	0	0	0	0	0	0	0	0	0	0	0	0	0	0	0	0	0	0	0	0	0	0	0	0	0	0	0	0	0	0	0	0	0	0	0	0	0	0	0	0	0	0	0	0	0	0	0	0	0	0	0	0	0	0	0.126662444585181	0	0	0	0	10.9243697478992	0
Capsule (VF0003)	0	0	0	0	0	0	0	0	0	0	0	3.41431385423506	0	0	0	0	0	0	0	0	0	0	0	0	0	0	0	0	0	0	0	0	0	0	0	0	0	0	0	0	2.5706940874036	0	0	0	0	0	0	0	0	0	0	0	0	0	0	4.74934036939314	0	11.6400537233249	5.5165767154973	0	0	5.88235294117647	0
Capsule (VF0079)	0	0	0	0	0.949367088607595	0	5.33333333333333	0	0	0	0	0	0	0	0	0	0	0	0	0	0	0	0	0	0	0	0	0	0	0	0	0	0	0	0	0	0	0	0	0	0	0	0	0	0	0	0	0	0	0	0	0	0	0	0	0	0	0	0	0	0	0	0
Capsule (VF0144)	0	0	0	0	0	0	0	0	0	0	0	0	0	0	0	0	0	0	0	0	0	0	0	1.97368421052632	0	0	0	2.9704892570541	0	0	0	0	0	0	0	0	1.04062951662117	0	0	0	0	0	0	0	0	0	0	0	0	0	0	0	0	0	0	0	0	0.328309207580958	0	0	0	0	0
Capsule (VF0361)	41.8091322224627	0	0	0	0	0	0	0	0.364963503649635	0	0	0	0	0	0	31.8730193272853	0	0	0	0	0	0	0	0	0	0	0	0	5.83290444330074	0	0	0	0	0	0	0	43.2953268026337	0	0.586366967994136	0	0	0	0	0	0	2.65339966832504	0	0	0	0	5	0	0	0	0	0	0	0	0	0	0	0	0
Capsule (VF0465)	0	0	1.5625	0	0	0	0	5.58325024925224	0.364963503649635	0	1.0443864229765	0	0	0	0	0	0	0	0	0	0	0	6.66880153710672	0	0	0	0	0	0	0	0	0	0	0	12.7304964539007	0	0	0	7.37845101392622	0	5.1413881748072	3.15789473684211	0	1.85361216730038	0.378787878787879	0	0	0	0	0	0	5.16770186335404	0	0	0	0	13.8062064597847	0.0596925831965378	0	0	0	0	9.36026936026936
Capsule (VF0560)	0	0	0	0	0	0	0	0	0.364963503649635	0	0	0	0	0	0	0	0	0	5.74048913043478	3.13688212927757	0	0.133005934110906	0	0	6.16438356164384	4.08163265306122	0	0	0	0	4.34782608695652	0	0	0	0	0	0	0	0.513071096994869	3.8961038961039	4.11311053984576	0	0	0	0	0	0	0	0	0	0	0	0	0	0	0	0.126662444585181	0	0	3.03030303030303	0	8.40336134453782	0
Capsule I (VF0436)	0	0	0	0	0	0	0	0	0	0	0	0	0	0	0	0	0	0	0	0	0	0	0	0	0	0	0	0	0	0	0	0	0	0	0	0	0	0	0	0	0	0	0	0	0	0	0	0	0	0	3.4	0	0	0	0	0	0	0	0	0	0	0	0
CBPs (VF0145)	0.194763038303398	0	0	0	0	0	0	0	0	0	1.56657963446475	0	0	12.0676968359088	0	0	0	0	0	0	0	0.0204624514016779	0	11.0902255639098	0	0	0	4.38778151695573	0.137244810430606	0	0	0	0	0	0	0	0.109201862855308	0	0	0	12.3393316195373	0	22.6608187134503	0	0	0	0	0	0	0	0	0	0	0	0	0	0	0.0895388747948067	0	0	0	0	0
CcmC (VF0292)	0	0	0	0	0	0	0	0	0	0	2.34986945169713	0	0	0	0	0	0	0	0	0	0	0	0	0	0	0	0	0	0	0	0	0	0	0	0	0	0	0	0	0	0	0	0	0	0	0	0	0	0	0	0	0	0	0	0	0	0	0	0	0	0	0	0
CHIPS (VF0424)	0	0	0	7.42671009771987	0	0	0	0	0	0	0	0	0	0	0	0	0	0	0	0	0	0	0	0	0	0	0	0	0	0	0	0	0	0	0	0	0	0	0	0	0	0	0	0	0	0	0	0	0	0	0	0	0	0	0	0	0	1.40277570511864	1.82343870470316	0	0	0	0
Chu (VF0227)	0	0	0	0	0	0	0	0	0	0	0	0	0	0	0	0	0	0	0	7.50950570342205	0	0	0	0	0	0	0	0	0	0	0	0	0	0	0	0	0	0	0	0	0	0	0	0	0	0	0	0	0	0	0	0	0	0	0	0	0	0	0	0	0	0	0
ClpC (VF0072)	0	0	0	0	0	0	0	0	0	0	1.0443864229765	0	0	0	0	0	0	0	0.0339673913043478	0.0950570342205323	0	0	0	0	0	4.08163265306122	0	0	0	0	0	0	0	0	0	0	0	0	0	0	0	0	0	0	0	0	0	0	0	0	0	0	0	0	0	0	0	0	0	0	0	0	0
Clumping factor (VF0004)	0	0	0	0.716612377850163	0	0	0	0	0	0	0	1.01116217990808	0	0	0	0	0	0	0	0	0	0	0	0	0	0	0	0	0	0	0	0	0	0	0	0	0	0	0	0	0	0	0	0	0	0	0	0	0	0	0	0	0	0	0	0	0	5.50664079988062	0	0	0	0	0
CpaA (VF1336)	0	0	0	0	0	0	0	0	0	0	0	0	0	0	0	0	0	0	0	0	0	0	0	0	0	0	0	0	0	0	0	0	0	0	0.0128949065119278	0	0	0	0	0	0	0	0	0	0	0	0	0	0	0	0	0	0	0	0	0	0	0	0	0	0	0	0
Csu fimbriae (VF0461)	0	0	0	0	0	0	0	0	0	0	0	0	0	0	0	0	0	0	0	0	0	0	6.12440957489392	0	0	0	0	0	0	0	0	0	0	0	21.6569954867827	0	0	0	0.928414365990716	0	0	1.05263157894737	0	3.18441064638783	0	2.32172470978441	0	0	0	0	0	0.770186335403727	0	0	0	0	2.91323622545915	0	0	0	0	0	2.85072951739618
Curli fibers (VF1138)	0	0	0	0	2.53164556962025	0	0	0	0	1.6260162601626	0.261096605744125	0	0	0	3.63636363636364	0	0	0	0	3.42205323193916	0	0	0	0	0	0	2.05405405405405	0	0.0514668039114771	0	0	6.81818181818182	12.0622568093385	0	0	2.46204349610176	0	11.4035087719298	0.0488639139995114	0	0.25706940874036	2.10526315789474	0	0.427756653992395	6.06060606060606	0	0	0	0	0	0	0	0	0	0	0	0	0	0	0	0	8.40336134453782	0
Cytolysin (VF0356)	0.692490802856525	0	0	0	0	0	0	0	2.55474452554745	0	0	0	0	0	0	16.9280361247501	0	0	0	0	0	0	0	0	0	0	0	0	17.1041344999142	0	0	0	0	0	0	0	0.150955516299984	0	0.122159784998778	0	0	0	0	0	0	0	0	0	0	0	0	0	0	0	0	0	0	0	0	0	0	0	0
Dot/Icm T4SS secreted effectors (VF0798)	0	0.45045045045045	0	0	0	0	0	0	0	5.69105691056911	0.261096605744125	0	0	0	0	0.00272023720468425	0	0	0.271739130434783	0.190114068441065	0	0.010231225700839	0	0	0	6.12244897959184	0	0	0	0	4.34782608695652	2.27272727272727	0	0	0	0	0	0	0	0	0.77120822622108	0	0	0	0	0.0829187396351575	0.0826446280991736	0	0	22.3322332233223	0	0	0	0	0	0	0.189993666877771	0	0	3.03030303030303	0	0	0.0224466891133558
Eap/Map (VF0016)	0	0	0	0	0	0	0	0	0	0	0	0.210111621799081	0	0	0	0	0	0	0	0	0	0	0	0	0	0	0	0	0	0	0	0	0	0	0	0	0	0	0	0	0	0	0	0	0	0	0	0	0	0	0	0	0	0	0	0	0	0.40292493657663	1.62683114880493	0	0	0	0
Ebp pili (VF0538)	31.7030945682753	0	0	0	0	0	0	0	11.3138686131387	0	0	0	0	0	0	17.6665805258218	0	0	0.0339673913043478	0	0	0	0	0	0	0	0	0	23.8805970149254	0	0	0	0	0	0	0	20.5717038702425	0	0.293183483997068	0	2.5706940874036	0	0	0	0	0	0	0	0	0	39	0	0	0	0	0	0	0	0	0	0	0	0
EbpS (VF0008)	0	0	0	4.29967426710098	0	0	0	0	0	0	0	3.33552199606041	0	0	0	0	0	0	0	0	0	0	0	0	0	0	0	0	0	0	0	0	0	0	0	0	0	0	0	0	0	0	0	0	0	0	0	0	0	0	0	0	0	0	0	0	0	11.20728249515	19.8612181958365	0	0	0	0
EcbA (VF0539)	0	0	0	0	0	0	0	0	0	0	0	0	0	0	0	0	0	0	0	0	0	0	0	0	0	0	4.10810810810811	0	0	0	0	0	0	0	0	0	0	0	0	0	0	0	0	0	0	0	0	0	0	0	0	0	0	0	0	0	0	0	0	0	0	0	0
ECP (VF0404)	0	0	0	1.23778501628664	1.58227848101266	0	0	0	0	0	0	0	0	0	1.81818181818182	0.00816071161405275	0.663716814159292	0	0.883152173913043	2.9467680608365	0	0.0511561285041948	0	0	0	0	0	0.69246699456381	0	0	0	0	0	0	0	0	0	0	0.0977278279990227	0	0	0	0	0	0	0	0	0	0	0	0	0	2.22222222222222	0	12.1291448516579	0	0	0	0	0	0	0	0
EfaA (VF0354)	3.87362042847868	0	0	0	0	0	0	0	0	0	0	0	0	0	0	2.57062415842661	0	0	0	0	0	0	0	0.093984962406015	0	0	0	0	5.5412592211357	0	0	0	0	0	0	0	2.99662758952947	0	0	0	0	0	0	0	0	0	0	0	0	0	3.8	0	0	0	0	0	0	0	0	0	0	0	0.628507295173962
Ent (VF0562)	0	0	0	0	1.10759493670886	0	0	0	0	2.4390243902439	0	0	0	3.3112582781457	0	0	0	0	6.35190217391304	3.32699619771863	0	0.583179864947821	0	0.56390977443609	0	0	0	0	0.0343112026076514	0	0	0	0	0	0	0	0	0	2.27217200097728	0	0	3.15789473684211	25.7309941520468	0	0	6.46766169154229	0	0	0	0	0	0	0	0	0	0	0	0	0	0	0	0	0
Enterobactin (VF0228)	0	0.3003003003003	6.25	2.01954397394137	4.74683544303798	0	0	2.59222333000997	0	1.6260162601626	0	0	2.8236547682472	0	0	0	1.99115044247788	0	1.93614130434783	5.51330798479087	0	0.378555350931042	0	0.469924812030075	0	0	0	0.0258866166192079	0	10.8	0	2.27272727272727	0	0	0	0	0	2.63157894736842	1.34375763498656	0	1.02827763496144	0	0	0	0	0	7.85123966942149	0	0	5.72057205720572	0	0	0	0	0	8.97097625329815	0.253324889170361	0	0	0	4.02684563758389	7.56302521008403	0.224466891133558
Eps T2SS (VF0613)	0	0	0	0	0	0	0	15.2542372881356	0	3.2520325203252	0	0	0	0	0	0	0	0	0.203804347826087	0.285171102661597	0	0.0613873542050338	0	0	0	4.08163265306122	0	0	0.0343112026076514	0	10.1449275362319	0	0	0	0	0	0	0	0	0	0	2.10526315789474	0	0	0	0	0	0	0	0	0	0	0	0	0	0	0	0	0	1.51515151515152	0	0	0
Esp (VF0353)	0	0	0	0	0	0	0	0	0	0	0	0	0	0	0	0.535886729322797	0	0	0	0	0	0	0	0	0	0	0	0	0.651912849545377	0	0	0	0	0	0	0	0	0	0	0	0	0	0	0	0	0	0	0	0	0	0	0	0	0	0	0	0	0	0	0	0	0	0
ESX-1 (VF0315)	0	0	0	0.651465798045603	0	0.0495540138751239	0	7.27816550348953	0	0	0	0	0	0.147167034584253	0	0	0	0	0	0	0	0	0	0	0	0	0	0	0	0	4.34782608695652	9.09090909090909	0	0	0	0	0	0	0	2.5974025974026	0	0	0	0	3.78787878787879	10.9452736318408	7.1900826446281	0	0	0	0	0	0	0	0	0	0.379987333755541	0	0	4.54545454545455	0	0	0
ESX-3 (VF0521)	0	0	6.25	0	0.474683544303797	0	0	0	1.09489051094891	5.69105691056911	0	0.0787918581746553	0	0	1.81818181818182	0.00816071161405275	0	0	0	0.190114068441065	0	0.0511561285041948	0	0	0	6.12244897959184	0	0	0.0343112026076514	0	0	0	0	0	0	0	0	0	0	3.8961038961039	0	0	0	0	0	0	0	0	0	0	0	0	0	0	0	0	0.189993666877771	0	0	0	0	10.0840336134454	0
Exe T2SS (VF0478)	0	0	0	0	0	0	0	0	0	0	0	0	0	0	0	0	0	8.19237147595357	0	0	0	0	0	0.657894736842105	15.0684931506849	0	0	0	0	0	0	0	5.1556420233463	0	0	0	0	0	0	0	0	0	0	0	0	0	0	0	0	2.53025302530253	0	0	0	0	0.698080279232112	0	0	0	0	0	0	0	0
Fap (VF1191)	0	0	0	0	0	0	0	0	0	0	1.82767624020888	0	0	0	0	0	0	0	0	0	0	0	0	0	0	0	0	0	0	0	0	0	0	0	0	0	0	0	0	0	0	0	0	0	0	0	0	0	0	8.47084708470847	0	0	0	0	0	0	0	0	0	0	0	0	0
FbpABC (VF0272)	0	0	0	0	0	0	0	0	0	0	3.1331592689295	0	0	0	0	0	0	0	0	0.0950570342205323	0	0	0	0	0	0	0	0	0	0	0	0	0	0	0	0	0	0	0	0	0	1.05263157894737	0	0	0	0	0	0	0	0	0	0	0	0	0	0	0	0	0	0	0	0	0
Flagella (VF0051)	0	0	0	0	0.316455696202532	0	0	0	0.364963503649635	0	0	0	0	0	0	0	0	0	0	0	0	0	0	0	0	0	0	0.0970748123220295	0.0343112026076514	0	1.44927536231884	0	0	0	0	0	0	0	0	0	0	0	0	0	0	0	0	0	0	0	0	0	0.555555555555556	0.995024875621891	0	0	0	0	0	0	0	0	0
Flagella (VF0114)	0	0	0	0	0	0	0	0	0	0	0	0	0	0	0	0	0	0	0	0.0950570342205323	0	0	0	0	0	0	0	0	0.0343112026076514	0	0	0	0	0	0	0	0	0	0	0	0	0	0	0	0.378787878787879	0	0	0	0	0	0	0	0	0	0	0	0	0	0	0	0	0	0
Flagella (VF0273)	0.714131140445791	27.027027027027	10.15625	16.8729641693811	0.158227848101266	24.3310208126858	34.6666666666667	16.0518444666002	1.09489051094891	0	1.82767624020888	0.315167432698621	29.9413958444326	30.242825607064	1.81818181818182	0.00952083021639487	12.1681415929204	35.8872305140962	0.339673913043478	0	8.5	0	3.56256504683372	3.1015037593985	19.8630136986301	0	23.7837837837838	0.226507895418069	0.102933607822954	34.2	2.89855072463768	23.8636363636364	2.33463035019455	4.31837425910246	0.170857511283043	16.9470660648338	0.0513891119319094	50	0	1.2987012987013	7.45501285347044	5.26315789473684	8.18713450292398	1.14068441064639	7.1969696969697	1.16086235489221	22.6446280991736	67.4418604651163	40.6143344709898	12.7612761276128	9	0.173913043478261	49.4444444444444	25.8706467661692	30.1919720767888	10.8179419525066	0.886637112096264	0.0746157289956723	0.0115651503469545	6.06060606060606	63.758389261745	21.8487394957983	7.90123456790123
Flagella (VF0373)	0	0	0	0	0	0	0	0	0.364963503649635	3.2520325203252	0	0.0262639527248851	0	7.06401766004415	0	0	0	0	0.0679347826086956	0	0	0	0	0	0	0	0	0	0	0	0	0	0	0	0	0	0	0	0.0244319569997557	2.5974025974026	0	0	0	0	0	0	0	0	0	0	0	0	0	0	0	0	0	0	0	1.51515151515152	0	0	0
Flagella (VF0394)	0	0	0	0	0	0	0	0	0	0	0	0	0	0	0	0	0	0	0.0339673913043478	0	0	0.010231225700839	0	0	0	2.04081632653061	0.864864864864865	0	0	0	0	0	0	0	0	0	0	0	0	1.2987012987013	0	0	0	0	0	0	0	0	0	0	0	0	0	3.48258706467662	0	0	0	0	0	3.03030303030303	0	0	0
Flagella (VF0430)	0	0	0	0	0	0	0	0	0	0	0	0	0	0	0.909090909090909	0	0	4.04643449419569	0	0	4	0	0	0	0	0	2.05405405405405	0	0	0	0	0	0	0.677392040643522	0	6.2782109150595	0	0	0	0	0	0	2.77777777777778	0	0	23.5489220563847	2.14876033057851	0	0	0	4.2	0	0	0.995024875621891	0	0	0	0	0	0	0	0	0
Flagella (VF0519)	0	0	0	0	0	0	0	0	0	0.813008130081301	0	0	0	0.0735835172921266	0	0	0	0	0	0	0	0	0	0	0	0	0	0	0	0	0	0	0	0	0	0	0	0	0	0	0	0	0	0	0	0	0	0	0	0	0	0	0	0	0	0	0	0	0	0	0	0	0
FnBPs (VF0010)	0	0	0	0	0	0	0	0	0	0	0	0	0	0	0	0	0	0	0	0	0	0	0	0	0	0	0	0	0	0	0	0	0	0	0	0	0	0	0	0	0	0	0	0	0	0	0	0	0	0	0	0	0	0	0	0	0	0	3.39244410177332	0	0	0	0
Fsr (VF0360)	0	0	0	0	0	0	0	0	0.364963503649635	0	0	0	0	0	0	3.16907634345715	0	0	0	0	0	0	0	0	0	0	0	0	3.03654143077715	0	0	0	0	0	0	0	10.9105508270435	0	0	0	0	0	0	0	0	0	0	0	0	0	7.8	0	0	0	0	0	0	0	0	0	0	0	0
Fur (VF0113)	0	0	0	1.30293159609121	1.10759493670886	0	0	0	0	0	0	0	0	0	0	0	0	0	0	1.52091254752852	0	0	0	0	0	0	0	0	0	0	0	1.13636363636364	0	0	0	0	0	0	0	0	0	0	0.292397660818713	0	0	0	0	0	0	0	0	0	0	0	0	0	0	0	0.0038550501156515	0	0	0	0
Gelatinase (VF0357)	0	0	0	0	0	0	0	0	1.09489051094891	0	0	0	0	0	0	3.81513267956966	0	0	0	0	0	0	0	0	0	0	0	0	4.99227997941328	0	0	0	0	0	0	0	3.96017343825277	0	0.0488639139995114	0	0	0	0	0	0	0	0	0	0	0	2.4	0	0	0	0	0	0	0	0	0	0	0	0
HemO cluster (VF0636)	0	0	0	0	0	0	0	0	0	0	0	0	0	0	0	0	0	0	0	0	0	0	0	0	0	0	0	0	0	0	0	0	0	0	9.11992263056093	0	0	0	8.69777669191302	0	0.77120822622108	7.36842105263158	0	20.3897338403042	0	0	0	0	0	0	0	22.3354037267081	0	0	0	0	6.14312856238125	0.0596925831965378	0	0	0	0	7.09315375982043
HitABC (VF0268)	0	0	0	0	0	0	0	0	0	0	0	0	0	0	0	0	0	0	0	0	0	0.29670554532433	0	0	0	0	0	0	0	0	0	0	0	0	0	0	0	0	0	0	0	0	0	0	0	0	0	0	0	0	0	0	0	0	0	0	0	0	0	0	0	0	0
HMW1/HMW2 (VF0038)	0	0	0	0	0	0	0	0	0	0	0	0	0	0	0	0	0	0	0	0	0	1.8109269490485	0	0	0	0	0	0	0	0	0	0	0	0.296359017781541	0	0	0	0	0	0	0	0	0	0	0	0	0	0	0	0	0	0	0	0	0	0	0	0	0	0	0	0	0
HSI-1 (VF0334)	0	0	0	0	0	0	0	0	0	0	0	0	0	0	0	0	5.53097345132743	0.696517412935323	0	0	3	0	1.97742374509647	0	0	0	0	0.187677970489257	0.0171556013038257	11.6	0	0	0	0.592718035563082	0.00967117988394584	0	0	0	0	0	0	1.05263157894737	0	0.332699619771863	10.2272727272727	1.16086235489221	0	0	0	0	0	0	0	0	0	0	0	0.0746157289956723	0	0	0	0	0
HSI-1 T6SS secreted effectors (VF1194)	0	0	0	0	0	0	0	0	0	0	1.0443864229765	0	0	0	0	0	0	0	0	0	0	0	0	0	0	0	0	0	0	0	0	0	0	0	0.0515796260477112	9.43783340172343	0	0	0	0	0	0	0	0	0	0	0	0	0	0	0	0	0	0	0	0	0	0	0	0	0	0	0
HSI-2 (VF0943)	0	0	0	0	0	0	0	0	0	0	0	0	24.5071923281833	0	0	0	0	0	0	0	0	0	0	0	0	0	0	0	0	0	1.44927536231884	0	0	0	0	0	0	0	0	0	0	0	0	0	0	0	0	0	0	0	0	0	0	0	0	0	0	0	0	0	0	0	0
HSI-3 (VF0944)	0	0	0	0	0	0	0	0	0	0	0	0	0	4.26784400294334	0	0	0	0	0.0339673913043478	0.0950570342205323	0	0	0	0	0	0	0	0	0	0	0	0	0	1.10076206604572	0	0	0	0	0	0	3.08483290488432	0	0	0	0	0	0	0	0	1.76017601760176	0	0	0	3.48258706467662	0	0	0	0	0	0	0	0	0
HxuABC (VF0269)	0	0	0	0	0	0	0	0	0	0	0	0	0	0	0	0	0	0	0	0	0	0.317167996726008	0	0	0	0	0	0	0	0	0	0	0	0	0	0	0	0	0	0	0	0	0	0	0	0	0	0	0	0	0	0	0	0	0	0	0	0	0	0	0	0	0
Hyaluronate lyase (VF0013)	0	0	0	0	0	0	0	0	0	0	0	0	0	0	0	0	0	0	0	0	0	0	0	0	0	0	0	0	0	0	0	0	0	0	0	0	0	0	0	0	0	0	0	0	0	0	0	0	0	0	0	0	0	0	0	0	0	0	0.0809560524286816	0	0	0	0
Hyaluronidase (VF0146)	0	0	0	0	0	0	0	0	0	0	1.0443864229765	0	0	0	0	0	0	0	0	0.570342205323194	0	16.4108860241457	0	0	0	0	0	0	0	0	0	0	0	0.635055038103302	0	0	0	0	0	0	0	0	0	0	0	17.6616915422886	0	0	0	0	0	0	0	0	0	0	0	0	0	0	0	0	0
Hyaluronidase (VF0359)	1.27677991776672	0	0	0	0	0	0	0	0.364963503649635	0.813008130081301	0	0	0	0	0	3.81921303537668	0.221238938053097	0	0	0.0950570342205323	0	0.0306936771025169	0	0	0	0	0	0	10.3791387888145	0	0	0	0	0	0	0	7.16556929500562	0	0.219887612997801	0	0	0	0	0	0	0	0	0	0	0	9	0	0	0	0	0	0	0	0	3.03030303030303	0	0	0
Ibes (VF0237)	0	0	0	0	2.53164556962025	0	0	12.9611166500499	0	0	0.783289817232376	0	0	0	0	0	0	0	0	1.33079847908745	0	0	0	0	0	0	0	0	0	0	0	0	0	0	0	0	0	0	0	0	0	0	0	0	0	0	0	0	0	0	0	0	5	0	0	0	0	0	0	0	0	0	0
IgA1 protease (VF0147)	0	0	0	0	0	0	0	0	0	0	0	0	0	0	0	0	0	0	0	0	0	0	0	0	0	0	0	0.252394512037277	0	0	0	0	0	0	0	0	0	0	0	0	0	0	0	0	0	0	0	0	0	0	0	0	0	0	0	0	0	0	0	0	0	0	0
InhA (VF0536)	0	0	0	0	0	0	0	0.0997008973080758	0	0	0	0	0	0	0	0	0	0	0	0	0	0	0	0	0	0	0	0	0	0	0	0	0	0	0	0	0	0	0	0	0	0	0	0	0	0	0	0	0	0	0	0	0	0	0	0	0	0	0	0	0	0	0
Intercellular adhesion proteins (VF0014)	0	0	0	1.04234527687296	0	0	0	0	0	0	0	1.86474064346684	0	0	0	0	0	0	0	0	0	0	0	0	0	0	0	0	0	0	0	0	0	0	0	0	0	0	0	0	0	0	0	0	0	0	0	0	0	0	0	0	0	0	0	0	0	7.61080435755857	4.25212027756361	0	0	0	0
Isd (VF0015)	0	0	0	19.1530944625407	0	0	0	0	0	0	0	4.33355219960604	0	0	0	0	0	0	0	0	0	0	0	0	0	0	0	0	0	0	0	0	0	0	0	0	0	0	0	0	0	0	0	0	0	0	0	0	0	0	0	0	0	0	0	0	0	7.55111177436203	10.6823438704703	0	0	0	0
K1 capsule (VF0239)	0	0.3003003003003	6.25	0	6.17088607594937	0	0	0	0	0	0	0	0	2.2075055187638	0	0	0	4.11276948590381	0	6.27376425855513	0	0	0	0	2.05479452054794	0	0	0	0	0	0	4.54545454545455	0	0	0	0	0	0	0	0	0	0	0	0	0	0	0	0	0	0	0	0	0	0	0	0	0.126662444585181	0	0	0	0	0	0
LasA (VF0088)	0	0	0	0	0	0	0	0	0	0	0	0	0	0	0	0	0	0	0	0	0	0	0	0	0	0	0	0	0	0	0	12.5	0	0	0	0	0	0	0	0	0	0	0	0	0	0	3.05785123966942	0	0	0	0	0	0	0	0	0	0	0	0	0	0	0	0
Lipase (VF0012)	0	0	0	2.08469055374593	0	0	0	0	0	0	0	0.748522652659225	0	0	0	0	0	0	0	0	0	0	0	0	0	0	0	0	0	0	0	0	0	0	0	0	0	0	0	0	0	0	0	0	0	0	0	0	0	0	0	0	0	0	0	0	0	2.01462468288315	1.98535080956052	0	0	0	0
LOS (VF0044)	0	0	0	0	0	0	0	0	0	0	0	0	0	0	0	0	0	0	0	0	0	4.46081440556579	0	0	0	4.08163265306122	0	0.168263008024851	0	0	0	1.13636363636364	0	0	0	0	0	0	0.073295870999267	0	0	0	0	0	0	0	0	0	0	0	0	0	0	0	0	0	0	0	0	0	0	0	0
LPS (VF0033)	0	0	0	0	0	0	0	0	0	0	0	0	0.053276505061268	0	0	0	0	0	0	0	0	0	0	0	0	0	0	0	0	0	0	0	0	0	0	0	0	0	0	0	0	0	0	0	0	0	0	0	0	0	0	0	0	0	0	0	0	0	0	0	0	0	0
LPS (VF0085)	0.0649210127677992	0	0	0	0	0	0	6.08175473579262	0	0	0	0	5.22109749600426	0	0	0	41.5929203539823	0	0.0339673913043478	0	0	0	0	0	30.8219178082192	0	0	0	0	0	0	0	0.486381322957198	0	0.0548033526756931	0	0.0128472779829774	0	0	0	0	0	0	0	6.06060606060606	0	0	0	0	0	0	0	0	0	0.087260034904014	21.8997361477573	0	0	0	0	0	3.36134453781513	0
LPS (VF0171)	0	0	0	0	0	0	0	0	0	0	0	0	0	0	1.81818181818182	0	0	0	0	0	0	0	0	0	0	0	0	0	0	0	0	0	0	0	0	0	0	0	0	0	0	0	0	0	0	0	0	0	0	0	0	0	0	0	0	0	0	0	0	0	0	0	0
LPS (VF0367)	0.259684051071197	4.35435435435435	0	0	7.27848101265823	5.55004955401388	0	0	5.47445255474453	0	0.522193211488251	0.118187787261983	0.106553010122536	0	38.1818181818182	0	13.716814159292	0	0	0	17	0	0	0	0	0	6.27027027027027	0	0	0.4	0	0	13.9105058365759	1.43945808636749	0	3.40582683627411	0.0385418339489321	15.7894736842105	0	0	2.05655526992288	0	0	1.61596958174905	0.378787878787879	0.33167495854063	0.495867768595041	0	10.9215017064846	8.47084708470847	0	0	17.2222222222222	40.7960199004975	0	2.9023746701847	0	0	0	0	13.4228187919463	15.1260504201681	0
LPS (VF0466)	0	0	0	0	0	0	0	0	0	0	0	0	0	0	0	0	0	0	0	0	0	0	1.00072051877352	0	0	0	0	0	0	0	0	0	0	0	2.82720825274017	0	0	0	0.781822623992182	0	5.39845758354756	0	0	2.28136882129278	0	0	0	0	0.68259385665529	0	0	1.51552795031056	0	0	0	0	2.91323622545915	0	0	0	0	0	3.56902356902357
LPS (VF0542)	0	0	0	0	0	0	0	0	0	1.6260162601626	0	0	0	0	0	0	0	0	0.203804347826087	0.285171102661597	0	0.0204624514016779	0	0	0	4.08163265306122	0	0	0	0	0	0	0	0	0	0	0	0	0	3.8961038961039	0	0	0	0	0	0	0	0	0	0	0	0	0	0	0	0	0	0	0	3.03030303030303	0	0	0
LPS (VF0561)	0	0	0	0	0	0	0	0	0	0	0	0	0	0	0	0	0	0	10.7336956521739	5.60836501901141	0	0	0	0	0	0	0	0	0	0	0	0	0	0	0	0	0	0	0.34204739799658	0	0	0	0	0	1.89393939393939	0	0	0	0	0	0	0	0	0	0	0	0.0633312222925903	0	0	0	0	0	0
MSHA type IV pili (VF0477)	0	0	0	0	0	0	0	0	0	0	0	0	0	3.6055923473142	0	0	0	0	0	0	0	0	0.800576415018813	0	0	0	0	0	0	3.4	0	0	0	0	0	0	0.0160590974787217	0	0	0	0	0	0	0	15.530303030303	0	0	0	0	0	0	0	0	0	0	0	0	0	0	0	0	0	0
Mycobactin (VF0299)	0	0	0	0	0	0	6.66666666666667	0	0	0	1.56657963446475	0	0	0	0	0	0	0.033167495854063	0	0	0	0	0	0.093984962406015	0	4.08163265306122	0	0	0.0171556013038257	0	0	0	0	0.465707027942422	0.0161186331399097	0.0410340582683627	0	0.87719298245614	0	5.19480519480519	0	0	0	0	0	0	0.0826446280991736	0	0	0.11001100110011	0	0	0	0	0	0	0.0633312222925903	0	0	0	0	0	0
Neuraminidase (VF0148)	0	0	0	0	0	0	0	0	0	0	0	0	0	0	0	0	0	0	0	0	0	0	0	0	0	0	0	5.09319181982915	0	0	0	0	0	0	0	0	0.513891119319094	0	0	0	9.76863753213368	0	0	0	0	0	0	0	0	0	0	0	0	0	0	0	0	0	0	0	0	0	0
OapA (VF0040)	0	0	0	0	0	0	0	0	0	0	0	0	0	0	0	0	0	0	0	0	0	0.010231225700839	0	0	0	0	0	0	0	0	0	0	0	0	0	0	0	0	0	0	0	0	0	0	0	0	0	0	0	0	0	0	0	0	0	0	0	0	0	0	0	0	0
OmpA (VF0236)	0.108201687946332	0	0	0	17.0886075949367	0	0	0	0	0	0	0	0	0	0	0	0	0	0	1.23574144486692	0	0	0	0	0	0	0	0	0	0	0	0	0	0	0	0	0	0	0	0	0	0	0	0	0	0	0	0	0	0	0	0	0	0	0	0	0	0	0	4.54545454545455	0	0	1.66105499438833
OmpA (VF0464)	0	0	0	0	0	0	0	0	0	0	0	0	0	0	0	0	0	0	0	0	0	0	0	0	0	0	0	0	0	0	0	0	0	0	7.33720180528691	0	0	0	4.39775225995602	0	0	0	0	15.9695817490494	0	0	0	0	0	2.09020902090209	0	3.75155279503106	0	0	0	0	0.569981000633312	0	0	0	0	0	2.35690235690236
P fimbriae (VF0220)	0	0	0	0	3.32278481012658	0	0	0	0	0	0	0	0	0	0	0	0	0	0	1.14068441064639	0	0	0	0	0	0	0	0	0	0	0	0	0	0	0	0	0	0	0	0	0	0	0	0	0	0	0	0	0	0	0	0	0	0	0	0	0	0	0	0	0	0	0
P44/Msp2 family (VF0520)	0	0	0	0	0	0	0	0	0.364963503649635	0.813008130081301	0	0.0262639527248851	0	0	0.909090909090909	0	0	0	0	0.0950570342205323	0	0	0	0	0	0	0	0.200621278798861	0	0	0	0	0	0	0	0	0	0	0	0	0	0	0	0	0	0	0	0	0	0	0	0	0	0	0	0	0	0	0	0	0	0	0
PavA (VF0283)	0	0	0	0	0	0	0	0	0	0	0	0	0	0	0	0	0	0	0	0	0	0	0	0	0	0	0	0.368884286823712	0	0	0	0	0	0	0	0	0	0	0	0	0	0	0	0	0	0	0	0	0	0	0	0	0	0	0	0	0	0	0	0	0	0	0
PavB (VF0524)	0	0	0	0	0	0	0	0	0	0	0	0	0	0	0	0	0	0	0	0	0	0	0	0	0	0	0	0.983691431529899	0	0	0	0	0	0	0	0	0	0	0	0	0	0	0	0	0	0	0	0	0	0	0	0	0	0	0	0	0	0	0	0	0	0	0
PbpG (VF0468)	0	0	0	0	0	0	0	0	0	0	0	0	0	0	0	0	0	0	0	0	0	0	2.00144103754703	0	0	0	0	0	0	0	0	0	0	0	7.99484203739523	0	0	0	5.15514292694845	0	0	2.10526315789474	0	8.69771863117871	0	0	0	0	0	0	0	6.08695652173913	0	0	0	0	1.89993666877771	0.0447694373974034	0	0	0	0	1.45903479236813
PDIM (VF0309)	0	0	18.75	0	0.158227848101266	0	0	0.498504486540379	0.364963503649635	3.2520325203252	0	0.0393959290873276	0	0	0.909090909090909	0	0	0.033167495854063	0.0339673913043478	0	0	0	0	0	0	12.2448979591837	0	0	0	0	15.9420289855072	0	0	0	0	0	0.00321181949574434	0	0	6.49350649350649	0	2.10526315789474	0	0	0	0	0	0	0	0	0	0	0	0	0	0	0	0	0	1.51515151515152	0	0	0
PfbA (VF0525)	0	0	0	0	0	19.1774033696729	0	0	0	1.6260162601626	0	25.6861457649376	0	0	0	0	0	0	0	0	9.5	0	0	14.2857142857143	0	0	0	1.46906549314005	0.102933607822954	0	0	9.09090909090909	0	0	0	0	0.176650072265939	0	0	0	5.91259640102828	0	0	0	0	0	0	0	0	0	0	0	0	0	0	0	0	0.0596925831965378	0	0	0	0	0
Phospholipase C (VF0470)	0	0	0	0	0	0	0	0	0	0	0	0	0	0	0	0	0	0	0	0	0	0	0	0	0	0	0	0	0	0	0	0	0	0	0.0290135396518375	0	0	0	0.146591741998534	0	0	0	0	0	0	0	0	0	0	0	0	0	0	0	0	0	0.823305889803673	0	0	0	0	0	0
Phospholipase D (VF0469)	0	0	0	0	0	0	0	0	0	0.813008130081301	0	0	0	0	0	0	0	0	0	0	0	0	2.20158514130174	0	0	0	0	0	0	0	0	0	0	0	0.751128304319794	0	0	0	0.34204739799658	0	0	2.10526315789474	0	0	0	0	0	0	0	0	0	0.22360248447205	0	0	0	0	2.91323622545915	0	0	0	0	0	0.269360269360269
PI-1 (VF0527)	0.0649210127677992	0	0	0	0	0	0	0	0	0	0	0	0	0	0	0	0	0	0	0	0	0	0	0	2.05479452054794	0	0	0	0	0	0	0	0	0	0	0	0	0	0	0	0	0	0	0	0	0	0	0	0	0	0	0	0	0	0	0	0	0	0	0	0	0	0
PI-2 (VF0530)	0	0	0	0	0	16.7492566897919	0	0	0	0	0	32.2390019697965	0	0	0	0	0	0	0	0.760456273764259	32	64.5590341722938	0	0	0	0	0	11.797825524204	0	0	0	0	0	2.79424216765453	0	0	0	0	0	0	0	0	0	0	0	9.70149253731343	0	0	0	0	0	0	0	0	0	0	0	0	0	0	0	0	0
PLC (VF0092)	0	0	0	0	0	0	0	0	0	0	0	0	0	0	0	0	0	0	0	0	5.5	0	0	0	0	0	0	0	0	0	0	0	0	0	0	0	0	0	0	0	0	0	0	0	0	0	0	0	0	0	0	0	0	0	0	0	0	0	0	0	0	0	0
PNAG (VF0472)	0	0	0	0	0	0	0	0	0	0	0	0	0	0	0	0	0	1.69154228855721	0	0	0	0	11.0879833480106	0	0	0	0	0	0	0	0	0	0	0	0.557704706640877	0	0	0	0.415343268995847	0	0	3.15789473684211	0	0	0	0	0	0	0	0	0	0.347826086956522	0	0	0	0	1.39328689043699	0	0	0	0	0	1.43658810325477
Pneumolysin (VF0149)	0	0	0	0	0	0	0	0	0	0	8.61618798955614	0	0	7.87343635025754	0	0	0	0	0	0	0	0	0	0	0	0	0	7.2417809992234	0.291645222165037	0	0	0	0	0	0	0	0	0	0	0	5.1413881748072	0	0	0	0	0	0	0	0	0	0	0	0	0	0	0	0	0	0	0	0	0	0
Polar flagella (VF0473)	0	0	0	2.08469055374593	0	4.01387512388504	1.33333333333333	0	7.66423357664234	0	0	0	0	0	9.09090909090909	0	12.1681415929204	0	0	0	0	0	0	1.12781954887218	8.21917808219178	0	0	0	0.0343112026076514	0	0	0	28.0155642023346	0	0	0	0	0	0	0	0	0	15.2046783625731	0	0	11.1111111111111	0	0	2.04778156996587	3.3003300330033	0	0	0	0	0	12.401055408971	0	0.0149231457991345	0.0115651503469545	0	4.02684563758389	0	0
PsaA (VF0151)	0	0	0	0	11.3924050632911	0	3.33333333333333	0	0	0	0.783289817232376	11.3328956007879	0	0	0	0	0	0	0	2.09125475285171	2.5	5.61694290976059	0	62.781954887218	0	0	0	3.06109241522133	0.205867215645908	0	0	0	0	0	0	0	0.154167335795728	0	0	0	16.7095115681234	0	0	0	0	4.64344941956882	0	0	0	0	0	0	0	0	0	0	0	0.0149231457991345	0	0	0	0	0
Pyochelin (VF0095)	0	0	0	0	0	0	0	0	0	0	1.56657963446475	0	0	0	0	0	0	0	0	0	3	0	0	0.18796992481203	0	0	0	0	0.0343112026076514	0	0	0	0	0	0.00322372662798195	0	0	0	0	0	0	0	0	0	0	0	0	0	0	0	0	0	25	0	0	0	0	0	0	0	0	0	0
Pyocyanin (VF0100)	0	0	27.34375	0	0	0	0	0	0	0	0	0	0	0	0	0	0	0	0.0339673913043478	0	0	0	0	0	0	0	3.13513513513514	0	0.102933607822954	0	0	0	0	0	0	0	0	0	0	0	0.25706940874036	0	0	0	0	0	3.88429752066116	0	0	0	0	0	0	0	0	0.263852242744063	0	0	0	0	0	1.68067226890756	0
Pyoverdine (VF0094)	0	9.00900900900901	0	5.92833876221498	0	0	0	0	0	0	0.522193211488251	0	0	0	10.9090909090909	0	0	0	0	0	0	0	0	0	0	0	0	0	0	0	0	0	0	0	0	0	0	0	0	0	0	0	0	0	0	0	0	13.953488372093	0	0	0	0	0	0	0	0	0	0	0	0	0	0	0
Quorom sensing (VF0471)	0	0	0	0	0	0	0	0	0	0	0	0	0	0	0	0	0	0	0	0	0	0	1.58514130173725	0	0	0	0	0	0	0	0	0	0	0	1.08639587362992	0	0	0	0.146591741998534	0	0	3.15789473684211	0	0	0	0	0	0	0	0	0	0.173913043478261	0	0	0	0	0	0	0	0	0	0	1.81818181818182
Quorum sensing (VF0093)	0	0	0	0	0	0	0	0	0	0	0	0	0	0	0	0	0	0	0	0	0	0	0	0	0	0	0	0	0	0	0	0	0	0	0	0	0	0	0	0	0	0	0	0	0	0	0	0	4.09556313993174	0	0	0	0	0	18.848167539267	0	0	0	0	0	0	0	0
RcsAB (VF0571)	0	0	0	0	0.158227848101266	0	0	0	0	0	1.30548302872063	0	0	10.3752759381898	0	0	0	0	3.36277173913043	1.23574144486692	0	0.327399222426847	0	0	0	0	0	0	0	0	0	0	0	0	0	0	0	0	0.073295870999267	0	0	0	0	0	0	0	0	0	0	0	0	0	0	0	0	0	0	0	0	0	0	0	0
Rhamnolipid (VF0089)	0	0	0	0	0	0	0	0	0	0	0	0	0	0	0	0	0	0	0	0	0	0	0	0	8.9041095890411	0	0	0	0	0	0	0	0	0	0.0419084461637653	0	0	0	0	0	0	0	0	0	20.0757575757576	0	0	0	0	0	0	0	0	0	0	0	0	0	0	0	0	0	0
RlrA islet (VF0529)	0	0	0	0	0	0	0	0	0	0	0	0	0	0	0	0	0	0	0	0	0	0	0	0	0	0	0	51.3525757183536	0	0	0	0	0	0	0	0	0	0	0	0	0	0	0	0	0	0	0	0	0	0	0	0	0	0	0	0	0	0	0	0	0	0	0
RmpA (VF0570)	0	0	0	0	0	0	0	0	0	0	0	0	0	0	0	0	0	0	5.5366847826087	0	0	0.010231225700839	0	0	0	2.04081632653061	0	0	0	0	2.89855072463768	0	0	0.169348010160881	0	0	0	0	0	0	0	0	0	0	0	0	0	0	0	0	0	0	0	0	0	0	0	0	0	0	0	0	0
RpoS (VF0112)	0	0	0	0	0.632911392405063	0	0	0	0	0	0	0	0	0	0	0	0	0	1.08695652173913	1.14068441064639	0	0.0409249028033558	0	0	0	0	0	0	0	0	0	0	0	0	0	0	0	0	0.219887612997801	0	0	0	0	0	0	0	4.13223140495868	0	0	0	0	0	0	0	0	0	0	0	0	0	0	0	0
Rvh T4SS (VF0487)	0	0	0	0	0	0	0	0	0	0	0	0	0	0	0	0	0	0	0	0	0	0	0	0	0	0	0	0	0	0	4.34782608695652	0	0	0	0	0	0	0	0	0	0	0	0	0	0	0	0	0	0	0	0	0	0	0	0	0	0	0	0	0	0	0	0
Rvh T4SS (VF0488)	0	0	0	0	0	0	0	0	0	0	0	0	0	0	0	0	0	0	0	0	0	0	0	0	0	4.08163265306122	0	0	0	0	0	0	0	0	0	0	0	0	0.0244319569997557	0	0	0	0	0	0	0	0	0	0	0	0	0	0	0	0	0	0	0	0	0	0	0	0
S fimbriae (VF0222)	0	0	0	0	0	0	0	0	0	0	0	0	0	0	0	0	0	0	0	0.285171102661597	0	0	0	0	0	0	0	0	0	0	0	0	0	0	0	0	0	0	0	0	0	0	0	0	0	0	0	0	0	0	0	0	0	0	0	0	0	0	0	0	0	0	0
Sal (VF0563)	0	0	0	0	0	0	0	0	0	0	0	0	0	0	0	0	0	0	1.35869565217391	0.665399239543726	0	0.276243093922652	0	0	0	0	0	0	0	0	0	0	0	0	0	0	0	0	0.586366967994136	0	0	0	0	0	0	0	0	0	0	0	0	0	0	0	0	0	0	0	0	0	0	0	0
Salmochelin siderophore (VF0230)	0.324605063838996	0	0	3.71335504885994	0	0	0	2.99102691924227	0	0	0	0	0	0	0	0	0	2.48756218905473	2.68342391304348	0.380228136882129	0	0.470636382238592	0	0	0	0	0	0	0	0	0	0	0	0	0.119277885235332	0	0.00642363899148868	0	0.0977278279990227	0	0	0	0	0	0	0	0	0	0	0	0	0	0	0	0	1.05540897097625	0.189993666877771	0	0	0	5.36912751677852	0	0
Sat (VF0231)	0	0	0	0	0.949367088607595	0	0	0	0	0	0	0	0	0	0	0	0	0	0	0.665399239543726	0	0	0	0	0	0	0	0	0	0	0	0	0	0	0	0	0	0	0	0	0	0	0	0	0	0	0	0	0	0	0	0	0	0	0	0	0	0	0	0	0	0	0
Sbi (VF0423)	0	0	0	0	0	0	0	0	0	0	0	2.07485226526592	0	0	0	0	0	0	0	0	0	0	0	0	0	0	0	0	0	0	0	0	0	0	0	0	0	0	0	0	0	0	0	0	0	0	0	0	0	0	0	0	0	0	0	0	0	1.70123862110133	26.1449498843485	0	0	0	0
SCIN (VF0425)	0	0	0	2.99674267100977	0	0	0	0	0	0	0	5.04267892317794	0	0	0	0	0	0	0	0	0	0	0	0	0	0	0	0	0	0	0	0	0	0	0	0	0	0	0	0	0	0	0	0	0	0	0	0	0	0	0	0	0	0	0	0	0	7.62572750335771	8.38858905165767	0	0	0	0
Scm (VF0418)	0	0	0	0	0.474683544303797	0	0	0	23.7226277372263	0.813008130081301	0	0	0	0	12.7272727272727	0.032642846456211	0	0	0	0	0	0	0	0	0	2.04081632653061	5.2972972972973	0	0.497512437810945	0	0	0	0	20.1100762066046	0	0	0	0	0	0	0	0	0	0	0	0	0	0	0	0	0	0	0	0	0	0	0.443318556048132	0	0.0115651503469545	6.06060606060606	0	0	0
SDr (VF0019)	0	0	0	0	0	0	0	0	0	0	0	0.0656598818122127	0	0	0	0	0	0	0	0	0	0	0	0	0	0	0	0	0	0	0	0	0	0	0	0	0	0	0	0	0	0	0	0	0	0	0	0	0	0	0	0	0	0	0	0	0	0	0.404780262143408	0	0	0	0
SE (VF0020)	0	12.1621621621622	17.96875	0	0	0	0	0	1.82481751824817	6.50406504065041	0.522193211488251	1.10308601444517	0	0	0	0	0	0	0	0.0950570342205323	0	0	0	0	0	0	0	0	0.0686224052153028	0	0	0	0	0.677392040643522	0.0644745325596389	0	0	0	0	1.2987012987013	0	4.21052631578947	0	0	0	0	0	0	0	0	0	0	0	0	0	0	0	2.1638561408745	0	1.51515151515152	0	0	0
SgrA (VF0540)	0	0	0	0	1.58227848101266	0	0	0	23.7226277372263	7.31707317073171	0	0	0	0	0	0.0816071161405275	0	0	0	0	0	0	0	0	0	0	21.2972972972973	0	0	0	0	0	0	42.0829805249788	0	0	0	0	0	0	0	1.05263157894737	0	0	0	0	0	0	0	0	0	0	0	0	0	0	0	0	0.0269853508095605	9.09090909090909	0	0	0
ShET2 (VF0258)	0	0	0	0	9.65189873417722	0	0	0	0	0	0	0	0	0	0	0	0	0	0	2.9467680608365	0	0	0	0	0	0	0	0	0	0	0	0	0	0	0	0	0	0	0	0	0	0	0	0	0	0	0	0	0	0	0	0	0	0	0	0	0	0	0	0	0	0	0
SpA (VF0017)	0	0	0	0	0	0	0	0	0	0	0	0	0	0	0	0	0	0	0	0	0	0	0	0	0	0	0	0	0	0	0	0	0	0	0	0	0	0	0	0	0	0	0	0	0	0	0	0	0	0	0	0	0	0	0	0	0	1.14908222653335	0.242868157286045	0	0	0	0
SpaP  (VF0526)	0	0	0	0	0	0	0	0	0	0	0	0	0	0	0	0	0	0	0	0	0	0.0716185799058727	0	0	0	0	0	0	0	0	0	0	0	0	0	0	0	0	0	0	0	0	0	0	0	0	0	0	0	0	0	0	0	0	0	0	0	0	0	0	0	0	0
SprE (VF0358)	0	0	0	0	0	0	0	0	0	0	0	0	0	0	0	4.02731118153503	0	0	0	0	0	0	0	0	0	0	0	0	4.71779035855207	0	0	0	0	0	0	0	5.24490123655051	0	0	0	0	0	0	0	0	0	0	0	0	0	4.8	0	0	0	0	0	0	0	0	0	0	0	0
SSLs (VF0990)	0	0	0	0	0	0	0	0	0	0	0	1.4182534471438	0	0	0	0	0	0	0	0	0	0	0	0	0	0	0	0	0	0	0	0	0	0	0	0	0	0	0	0	0	0	0	0	0	0	0	0	0	0	0	0	0	0	0	0	0	2.44739591105805	1.75019275250578	0	0	0	0
Staphopain (VF0006)	0	0	0	0	0	0	0	0	0	0	0	0.6172028890348	0	0	0	0.00816071161405275	0	0	0	0	0	0	0	0	0	0	0	0	0	0	0	0	0	0	0	0	0	0	0	0	0	0	0	0	0	0	0	0	0	0	0	0	0	0	0	0	0	1.68631547530219	0.890516576715497	0	0	0	0
Staphylokinase (VF0021)	0	0	0	0	0	0	0	0	0	0	0	0.0787918581746553	0	0	0	0	0	0	0	0	0	0	0	0	0	0	0	0	0	0	0	0	0	0	0	0	0	0	0	0	0	0	0	0	0	0	0	0	0	0	0	0	0	0	0	0	0	1.67139232950306	0.66692367000771	0	0	0	0
Sulfolipid-1 biosynthesis and transport (VF0803)	0	0	0	0	0	0	0	0	0	0	0.261096605744125	0	0	0	0	0	0	0.033167495854063	0	0	0	0.010231225700839	0	0	0	0	0	0	0	0	0	0	0	0	0	0	0	0	0	0	0	0	0	0	0	0	0	1.16279069767442	0	0	0	0	0	0	0	0	0	0	0	0	0	0	0
T2SS (VF0333)	0	0	0	0	1.89873417721519	0	0	0	0	0	0	0	0	0	0	0	0	0	0	3.99239543726236	0	0	0.976703226322952	0.18796992481203	0	0	6.27027027027027	0	0	0	0	0	0	0	0	0	0	0	0	0	0	0	0	0	3.03030303030303	0.0829187396351575	0	0	0	0	0	0	0	10.9452736318408	0	13.7203166226913	0	0	0	0	0	0	0
T2SS (VF1335)	0	0	0	0	0	0	0	0	1.45985401459854	0.813008130081301	0	0	0	0	0	0	5.30973451327434	0	0.271739130434783	0.0950570342205323	0	0.010231225700839	15.7633496117204	0	0	4.08163265306122	2.37837837837838	0	0	0	5.79710144927536	0	0	0	6.34751773049645	0	0	0	5.49719032494503	10.3896103896104	2.05655526992288	4.21052631578947	0	10.6939163498099	1.51515151515152	0	0	0	0	0	0	4.19875776397516	0	0	0	0	10.1329955668144	0	0	1.51515151515152	0	0	7.49719416386083
T3SS2 (VF0409)	0	0	0	0	0	0	0	0	0	0	57.9634464751958	0	0	0	4.54545454545455	0	0	0	0	0.285171102661597	0	0	0	0	0	0	0	0	0	0	10.1449275362319	0	0	0	0	0	0	0	0	0	0	0	0	0	14.0151515151515	0	0	0	0	0	0	0	0	0	0	0	0	0	0	0	0	0	0
T4SS secreted effectors (VF0695)	0	0	0	0	0	0	0	0	0	0	0	0	6.07352157698455	0	0	0	0	0	0	0	0	0	0	0	0	0	0	0	0.0171556013038257	0	0	0	0	0	0	0	0	0	0	0	0	0	0	0	0	0	0	0	0	0	0	0	0	0	0	0	0	0	0	0	0	0	0
T6SS (VF0480)	0	21.021021021021	0	0	0	4.95540138751239	0	2.39282153539382	0	1.6260162601626	0	0	0	0	0	0	0.442477876106195	0	0	0	0	0	0	0.18796992481203	0	4.08163265306122	0	0	0	0	0	0	0	0	0	0	0	0	0	0	0	0	0	0	0	0	0	0	0	0	0	0	0	8.45771144278607	0	0	0	0	0	0	0	0	1.68350168350168
T6SS (VF0544)	0	0	0	0	0	0	0	0	0	0	0	0	0	0	0	0	0	0	0	0	0	0	0	0	0	4.08163265306122	0	0	0	0	0	0	0	0	0	0	0	0	0	0	0	0	0	0	0	0	0	0	0	0	0	0	0	0	0	0	0	0	0	0	0	0	0
T6SS (VF0569)	0	0	0	0	0	0	0	0	0	0	0	0	0	0	0	0	0	0	4.34782608695652	3.61216730038023	0	0.562717413546143	0	0	0	0	0	0	0	0	0	0	0	0	0	0	0	0	0.366479354996335	0	0	0	0	0	0	0	0	0	0	0	0	0	0	0	0	0	0	0	0	0	0	0	0
T6SS (VF1337)	0.584289114910193	0	0	3.12703583061889	0	0.495540138751239	0	3.38983050847458	0	6.50406504065041	0	0.0525279054497702	0	0	0	0	0	5.97014925373134	0	0	0	0	0	0	0	0	0	0	0	3	0	6.81818181818182	14.6887159533074	0.508044030482642	4.01998710509349	0.246204349610176	0.0128472779829774	0	1.2704617639873	0	0	1.05263157894737	0	3.46958174904943	0	0	14.9586776859504	0	0	0	0	1.01863354037267	0	4.97512437810945	0	0	7.28309056364788	0	0	0	0	0	2.98540965207632
T6SS secreted effectors (VF1338)	0	0	0	0	0	0	0	0	0	0	0	0	0	0	0	0	0	0	0	0	0	0	0	0	0	0	0	0	0	0	0	0	0	0	0	0	0.0128472779829774	0	0	0	0	0	0	0	0	0	0	0	0	0	0	0	0	0	0	0	0	0	0	0	0	0	0
Tap type IV pili (VF0475)	0	0	0	2.41042345276873	0	4.01387512388504	14.6666666666667	0	0	0.813008130081301	0	0.0262639527248851	0	13.6865342163355	0.909090909090909	0	0	0	0.0339673913043478	0.190114068441065	1.5	0	0	0.845864661654135	0	4.08163265306122	0	0.252394512037277	0.171556013038257	0	7.2463768115942	6.81818181818182	0	0	0	32.9503487894953	0	0	0.073295870999267	0	0	1.05263157894737	0	0	0	0	12.8925619834711	0	0	0	0	0.0993788819875776	0	0	6.54450261780105	0	0	0	0	1.51515151515152	0	0	0
Tbp (VF0267)	0	0	0	0	0	0	0	0	0	0	0	0	0	0	0	0	0	0	0	0	0	0.133005934110906	0	0	0	0	0	0	0	0	0	0	0	0	0	0	0	0	0	0	0	0	0	0	0	0	0	0	0	0	0	0	0	0	0	0	0	0	0	0	0	0	0
TFP (VF1334)	0.216403375892664	7.50750750750751	0	0	0	6.34291377601586	0	0	0	7.31707317073171	0	0	0	5.00367917586461	0	0.0176815418304476	0	4.8424543946932	0	0	0	0	30.6140421103194	0	1.36986301369863	0	0	0.0517732332384157	0	0	0	3.40909090909091	4.47470817120623	0	7.14377820760799	18.3832581042265	0	14.9122807017544	3.22501832396775	0	6.68380462724936	4.21052631578947	25.1461988304094	1.09315589353612	0	0.165837479270315	0	2.32558139534884	0	11.4411441144114	0	2.83229813664596	0	0	0	0	24.3825205826472	0	0	0	0	0	9.58473625140292
TraJ (VF0241)	0	0	0	0	0	0	0	0	0	0	0	0	0	0	0	0	0	0	0.0339673913043478	0	0	0	0	0	0	0	0	0	0	0	0	0	0	0	0	0	0	0	0	0	0	0	0	0	0	0	0	0	0	0	0	0	0	0	9.68586387434555	0	0	0	0	0	0	0	0
Trw type IV secretion system (VF0372)	0	0	0	0	0	0	0	0	0	0	0	0	0	0	0	0	0	0	0	0	0	0.0204624514016779	0	0.093984962406015	0	0	0	0	0	0	0	0	0	0	0	0	0	0	0	0	0.25706940874036	0	0	0	0	0	0	0	0	0	0	0	0	0	0	0	0	0	0	0	0	0	0
Tsh (VF0233)	0	0	0	0	0	0	0	0	0	0	0	0	0	0	0	0	0	0	0	0.570342205323194	0	0	0	0	0	0	0	0	0	0	0	0	0	0	0	0	0	0	0	0	0	0	0	0	0	0	0	0	0	0	0	0	0	0	0	0	0	0	0	0	0	0	0
TSST-1 (VF0022)	0	0	0	0	0	0	0	0	0	0	0	0	0	0	0	0	0	0	0	0	0	0	0	0	0	0	0	0	0	0	0	0	0	0	0	0	0	0	0	0	0	0	0	0	0	0	0	0	0	0	0	0	0	0	0	0	0	3.89494105357409	1.57286044718581	0	0	0	0
TTSS (SPI-1 encode) (VF0116)	0	0	0	0	0	0	0	0	0	0	0	0	0	0	0	0	0	0	0	0	0	0.010231225700839	0	0	0	0	0	0	0	0	0	0	0	0	0	0	0	0	0	0	0	0	0	0	0	0	0	0	0	0	0	0	0	0	0	0	0	0	0	0	0	0	0
TTSS (VF0083)	0.692490802856525	0	0	7.23127035830619	0	0	13.3333333333333	0	0.364963503649635	0	2.61096605744125	0	16.888652104422	0	0	0	0	0	0	0	5	0	3.49851893363221	0	0	0	0	0	0.0171556013038257	16	0	0	0	1.90516511430991	0	0	0	0	0	1.2987012987013	2.82776349614396	0	0	0	0	2.65339966832504	0.909090909090909	0	0	0	0	0	0	0	0	0	0	0.0895388747948067	0	0	0	0	0.202020202020202
TTSS secreted effectors (VF0853)	1.23349924258818	0	0	0	0	0	0	0	0	0	0	0.0787918581746553	0	0	0	0	0	0	0	0	1	0	0	0	0	0	0	0	0	0	8.69565217391304	0	0	0	0	0	0	0	0	0	0	0	0	0	0	0	0	0	0	0	0	0	0	0	1.2216404886562	0	0	0	0	0	0	0	0
TTSS secreted effectors (VF1110)	0.129842025535598	0	2.34375	4.62540716612378	2.21518987341772	0	0	15.6530408773679	1.45985401459854	26.0162601626016	2.088772845953	0.0787918581746553	0	0.0735835172921266	0	0.00408035580702637	0	0	0.611413043478261	0.950570342205323	0	0.133005934110906	0	0.18796992481203	0.684931506849315	8.16326530612245	1.83783783783784	0	0.12008920912678	0	11.5942028985507	3.40909090909091	0	0.592718035563082	0	0	0.00321181949574434	0	0.146591741998534	20.7792207792208	0	9.47368421052632	0	0.475285171102662	9.46969696969697	0	0	3.48837209302326	1.70648464163823	2.86028602860286	0	0.124223602484472	0	0	5.84642233856894	6.59630606860158	1.45661811272958	0	0.00771010023130301	21.2121212121212	0	0	0.15712682379349
Type 1 fimbriae (VF0221)	0	6.75675675675676	3.125	0	0.474683544303797	0	0	0	0	0	0.783289817232376	0	0	0	0	0	2.87610619469027	0	0	4.08745247148289	0	0	0	0	0	0	0	0	0	0	0	0	0	0	0.0548033526756931	1.39515798112433	0	0	0	0	0	0	0	0	0	0	0.165289256198347	0	0	0	0.8	0	0	0	0	16.622691292876	0.379987333755541	0.0298462915982689	0	0	0	0	1.72839506172839
Type 3 fimbriae (VF0567)	0	0	0	0	0	0	0	0	0	0	0	0	0	0	0	0	0	0	8.25407608695652	8.36501901140684	0	1.48352772662165	0	0	0	0	0	0	0	0	0	0	0	0	0	0	0	0	0.488639139995114	0	0	0	0	0	0	0	0	0	0	0	0	0	0	0	0	0	0	0	0	0	0	0	0
Type I fimbriae (VF0566)	0	0	0	0	0	0	0	0	0	0	0	0	0	0	0	0	0	0	8.5258152173913	10.0760456273764	0	1.33005934110906	0	0	0	0	0	0	0	0	0	0	0	0	0	0	0	0	0.855118494991449	0	0	0	0	0	0	0	0	0	0	0	0	0	0	0	0	0	0	0	0	0	0	0	0
Type I pili (VF0486)	0	0	0	0	0	0	0	0	0	0	0	0	0	0	0	0	0	0	0	0	0	0	0	0	0	0	0	0	0	0	0	3.40909090909091	0	0	0	0	0	0	0	0	0	0	0	0	0	0	0	0	0	0	0	0	0	0	0	0	0	0	0	0	0	0	0
Type IV pili (VF0082)	0	4.2042042042042	0	0	1.10759493670886	6.39246778989098	6.66666666666667	0.0997008973080758	0	0	0	0	0.159829515183804	0	0	0	0	19.9668325041459	0	0	0	0	0	0	0	2.04081632653061	5.18918918918919	0	0.0343112026076514	20.6	0	0	0	0	0	0	0	0	0	0	0	0	0	0	0	0.0829187396351575	0	0	0	0	5.2	0	0.555555555555556	0	0	0	0	0	0.015420200462606	1.51515151515152	0	0	3.25476992143659
Type IV pili (VF0431)	0	0	0	0	0	0	0	0	0	0	0	0	0	0	0	0	0	0	0	0	0	0	0	1.03383458646617	0	0	0	0	0	0	0	0	0	0	0	0	0	0	0	0	0	0	0	0	0	0	0	0	0	0	0	0	0	0	0	0	0	0	0	0	0	0	0
Type IV pili (VF0458)	0	0	0	0	0	0	0	0	1.45985401459854	1.6260162601626	0	0	0	0	0	0	0	0	0	0	0	0	0	0	0	0	0	0	0	0	0	0	0	0	0	0	0	0	0	0	0	0	0	0	0	0	0	0	0	0	0	0	0	0	0	0	0	0	0	7.57575757575758	0	0	0
Type IV secretion system (VF0060)	0	0.600600600600601	0	0	0	0	0	0	0	0	0	0.0131319763624425	0	0	0	0	0	0	0	0	0	0	0	0	0	2.04081632653061	0	0	0	0	0	0	0	0	0	0	0	0	0	3.8961038961039	0	0	0	0	0	0	0	0	0	0	0	0	0	0	0	0	0	0	0	0	0	0	0
Type IV secretion system (VF0325)	0	0	0	0	0	0	0	0	0	0	0	0	0	0	0	0	0	0	0	0	0	0	0	0	0	0	0	0	0	0	0	0	0	0	0	0	0	0	0	0	0	0	0	0	0	0	0	0	0	0	0	0	0	0	0	0	0	0.0596925831965378	0	0	0	0	0
Type VII secretion system (VF0403)	0	0	0	3.45276872964169	0	0	0	0	0	0.813008130081301	0	2.67892317793828	0	0	0	0	0	0	0.0339673913043478	0.0950570342205323	0	0	0	0	0	0	0	0	0.0171556013038257	0	0	0	0	0	0	0	0	0	0	1.2987012987013	0	1.05263157894737	0	0	0	0	0	0	0	0	0	0	0	0	0	0	0	20.2656319952246	7.00848111025443	1.51515151515152	0	0	0
V8 protease (VF0023)	0	0	0	0	0	0	0	0	0	0	0	0.131319763624425	0	0	0	0	0	0	0	0	0	0	0	0	0	0	0	0	0	0	0	0	0	0	0	0	0	0	0	0	0	0	0	0	0	0	0	0	0	0	0	0	0	0	0	0	0	1.46246828831518	0.597532767925983	0	0	0	0
VAS T6SS (VF0335)	0	0	0	0	0	0	0	0	0	0	0	0	0	0	0	0	0	0	0	0	0	0	0	0	0	0	8.32432432432432	0	0	0	0	0	18.8715953307393	0	0	0	0	0	0	0	0	0	0	0	0	0	0	0	0	0	0	0	0	0	0	0	0	0	0	0	0	0	0
Vi antigen (VF0101)	0	0	0	0	0	0	0	0	0.364963503649635	2.4390243902439	0.261096605744125	0	0	0	0	0	0	0	0.0679347826086956	0	0	0.010231225700839	0	0	0	4.08163265306122	0	0	0	0	0	0	0	0	0	0	0	0	0	7.79220779220779	0	0	0	0	0	0	0	0	0	0	0	0	0	0	0	0	0	0	0	0	0	0	0
VvhA (VF0611)	0	0	0	0	0	0	0	0	1.09489051094891	2.4390243902439	0	0.0787918581746553	0	0	3.63636363636364	0	0	0	0.0679347826086956	0	0	0	0	0	0	8.16326530612245	0	0	0	0	1.44927536231884	0	0	0	0	0	0	0	0.0488639139995114	15.5844155844156	0	5.26315789473684	0	0	0	0	0	0	0	0	0	0	0	0	0	0	0	0	0	9.09090909090909	0	0	0
VWbp (VF0420)	0	0	0	0	0	0	0	0	0	0	0	0.157583716349311	0	0	0	0	0	5.27363184079602	0	0	0	0	0	0	0	0	0	0	0	0	0	0	0	0	0	0	0	0	0	0	0	0	0	0	0	0	0	0	0	0	0	0	0	0	0	0	0	0	0	0	0	0	0
Xcp secretion system (VF0084)	1.60138498160571	6.30630630630631	0	0	0	7.92864222001982	14	0	0	0	3.91644908616188	0	11.2413425679275	0	3.63636363636364	0.010880948818737	3.09734513274336	6.69983416252073	0.101902173913043	0.380228136882129	3	0	1.32895684893123	0.93984962406015	4.79452054794521	0	5.2972972972973	0.39477090344292	0.205867215645908	0	0	3.40909090909091	0	2.75190516511431	0.0902643455834945	8.45301600328273	0.0160590974787217	4.3859649122807	0	1.2987012987013	1.79948586118252	0	0	0.998098859315589	0	5.22388059701492	19.0909090909091	11.6279069767442	39.9317406143345	16.6116611661166	3.2	0	0	0	9.16230366492147	0	0.126662444585181	0	0.030840400925212	3.03030303030303	0.671140939597315	6.72268907563025	0.134680134680135
Ybt (VF0564)	0	0	0	0	9.65189873417722	0	0	0	0	0	0	0	0	0	0	0	0	0	16.9497282608696	4.27756653992395	0	0	0	0	0	0	0	0	0	0	2.89855072463768	0	0	0	0	0	0	0	8.94209626191058	0	0	0	0	0	0	0	0	0	0	0	0	0	0	0	0	0	0	0	0	0	0	0	0
Ysa TTSS (VF1025)	0	0	0	0	0	0	0	0	0	0	0	0	0	0	0	0	0	0.033167495854063	0	0	0	0	0	0	0	0	0	0	0	0	0	0	0	0	0	0	0	0	0	0	0	0	0	0	0	0	0	0	0	0	0	0	0	0	0	0	0	0	0	0	0	0	0
